country,prime,area_2000_ha,area_2010_ha,area_2016_ha,area_2023_ha
Albania,Debine e Bardhë,,,,71
Albania,Kadarka,,,,111
Albania,Merlot,,,,735
Albania,Pules,,,,150
Albania,Serina e Zezë,,,,150
Albania,Shesh i Bardhë,,,,1352
Albania,Shesh i Zi,,,,2720
Albania,Vlosh,,,,33
Albania,other,,,,3078
Algeria,Alicante Henri Bouschet,3020,3020,,
Algeria,Cabernet Sauvignon,1510,1510,1000,280
Algeria,Cinsaut,7550,7550,,
Algeria,Garnacha Tinta,6040,6040,2000,560
Algeria,Mazuelo,7550,7550,3000,840
Algeria,Merlot,1510,1510,1000,280
Algeria,Muscat of Alexandria,,,200,56
Algeria,Pinot Noir,1510,1510,,
Algeria,Sultaniye,,,100,28
Algeria,Syrah,1510,1510,1000,280
Argentina,Afus Ali,,,,48.7666
Argentina,Aglianico,81.5644,84.3561,50.9,3.0087
Argentina,Ahmeur Bou Ahmeur,,,,0.6
Argentina,Alba,,,,26.2484
Argentina,Alicante Henri Bouschet,113.4495,257.2152,135.4,130.8596
Argentina,Alphonse Lavallée,,,,315.8727
Argentina,Alvarelhão,,,6.4,
Argentina,Alvarinho,,1.95,,11.1799
Argentina,Ancellotta,13.4424,208.9619,991.1,2393.7247
Argentina,Argentina,,,,4.53
Argentina,Arinarnoa,0.95,0.95,1,1.11
Argentina,Arizul,,,,1294.1232
Argentina,Aspiran Bouschet,432.4426,2244.8736,4086.6,4435.0104
Argentina,Aurore,,,,3.483
Argentina,Barbera,1054.8559,733.3788,443.5,371.1242
Argentina,Beba,,,,0.45
Argentina,Bicane,,,,3.37
Argentina,Bombino Bianco,10.122,10.122,9.4,9.41
Argentina,Bonamico,253.4047,206.3675,136.8,101.5977
Argentina,Bourboulenc,0.09,3.5365,0.2,0.2265
Argentina,Béquignol Noir,1081.9328,890.1111,615.7,476.9851
Argentina,Caberinta,85.3437,68.796,38.3,37.9456
Argentina,Cabernet Franc,251.7168,592.205,928.848,1684.2915
Argentina,Cabernet Sauvignon,13776.3224,17674.0321,15355.7,13468.9582
Argentina,Caladoc,0.67,13.5892,15.4,21.1321
Argentina,Canari Noir,218.1767,149.8523,79.5,47.246
Argentina,Canela,0.1866,1.3083,2.8,1.1725
Argentina,Canelon,8,8,,
Argentina,Cardinal,679.8978,,2.2,417.1482
Argentina,Carmenère,,33.1154,58.7,48.7659
Argentina,Casavecchia,,,5.8,7.02
Argentina,Cereza,31113.353,29934.1788,28886.6,24834.0451
Argentina,Chardonnay,4681.784,6583.8365,6226.7,5522.1561
Argentina,Chenin Blanc,3444.9814,2850.5778,2156.625,1591.9161
Argentina,Cinsaut,5.9485,5.9485,1.4,1.37
Argentina,Cornichon Blanc,,,,3.743
Argentina,Corvina Veronese,19.15,18.7775,16.8,16.8422
Argentina,Corvinone,,0.7,0.4,0.3528
Argentina,Crimson Seedless,,,,0.565
Argentina,Criolla Grande,24264.0687,20744.8013,15595.6,12530.9606
Argentina,Criolla Mediana,1.49,3.49,6.9,7.4666
Argentina,Croatina,,15.3462,16.3,16.346
Argentina,Côt,18229.5515,28543.1155,40401.2,46540.5465
Argentina,Damaschino,826.5081,673.6203,526.6,382.3845
Argentina,Dauphine,,,,3.4463
Argentina,Dawn Seedless,14.6,,,12.767
Argentina,Dolcetto,5.7948,6.2497,7,2.3717
Argentina,Douce Noire,15659.2701,18775.4493,19071.5,17447.4201
Argentina,Ekigaina,,0.95,1,0.96
Argentina,Emerald Riesling,,,,0.882
Argentina,Emperatriz,,,,15.5909
Argentina,Emperor,,,,26.6484
Argentina,Fer,347.9329,262.703,183,138.1127
Argentina,Ferral,48.4565,30.4083,31.3,30.0721
Argentina,Fiano,,,4.9,5.19
Argentina,Fiesta,,,,1320.3138
Argentina,Fintendo,144.0707,118.1123,184.5,165.5442
Argentina,Flame Seedless,515.5386,,,5187.6107
Argentina,Freisa,13.9944,12.1994,5.3,4.4457
Argentina,Gamay Noir,1.8375,1.6375,0.4,0.4075
Argentina,Garganega,4.2675,21.3137,29.9,28.8323
Argentina,Gargiulo 102011,,,,249.5811
Argentina,Gargiulo 14260,1,1,,
Argentina,Gargiulo 2539,69.0009,48.834,29.1,24.714
Argentina,Gargiulo 26189,5.82,,,
Argentina,Gargiulo 26879,4.15,2.5,,
Argentina,Gargiulo 4113,7.2339,6.105,2.6,2.63
Argentina,Gargiulo 45803,3.839,8.1,10.3,9.45
Argentina,Gargiulo 87746,,,,0.022
Argentina,Gargiulo 88087,,,,202.8479
Argentina,Garnacha Blanca,,,1.5,1.04
Argentina,Garnacha Tinta,8.705,21.8762,21.9,46.9283
Argentina,Gewürztraminer,,,,24.7228
Argentina,Gibi,1226.6831,1073.8209,784.5,639.0769
Argentina,Graciano,50.093,29.412,18.3,18.2974
Argentina,Grand Noir,4.13,2.06,,
Argentina,Greco,,0.25,0.3,0.26
Argentina,Greco Nero,513.2409,429.0517,356.4,285.8062
Argentina,Grüner Veltliner,,,7.3,11.6684
Argentina,Isabella,74.1798,,,55.8653
Argentina,Italia,256.8802,192.1706,,65.6848
Argentina,Joubertin,1.439,1.439,,
Argentina,Kishmish Chernyi,,,,23.491
Argentina,Kishmish Rozovyi,,,,2
Argentina,Lambrusco Grasparossa,,8.1,10.8,8.4125
Argentina,Lambrusco Maestri,151.0015,88.8729,47.7,45.8618
Argentina,Lattuario Nero,,,,11.0955
Argentina,Listán Prieto,1057.3153,844.8638,374.1,553.8274
Argentina,Macabeo,3.3,1.75,,
Argentina,Malvasia,60.5233,45.0382,21.1,17.6424
Argentina,Malvasia Nera di Brindisi,,0.32,,
Argentina,Marsanne,0.09,1.2465,2.1,4.0865
Argentina,Marselan,,7.95,9.7,72.2754
Argentina,Maticha,353.9356,311.1298,257,198.0529
Argentina,Mazuelo,56.9055,30.4391,13.2,12.4776
Argentina,Melon,,1,1,1
Argentina,Merlot,6263.2421,6952.8284,5632,4703.1785
Argentina,Michele Palieri,21.94,,,2.855
Argentina,Molinara,2.38,0.6,,0.36
Argentina,Monastrell,0.32,0.7462,12,9.2002
Argentina,Montepulciano,49.0677,94.1726,82.1,51.5913
Argentina,Moscato Giallo,196.991,155.6004,118.8,97.64
Argentina,Muscat Blanc à Petits Grains,149.2917,139.4793,94.2,60.069
Argentina,Muscat Blanc à Petits Grains (G),10442.3673,8691.4622,6526.105,4945.5144
Argentina,Muscat of Alexandria,5515.2291,4035.4128,2715.5,1933.0779
Argentina,Muscat of Hamburg,2.0843,1.9843,,0.1517
Argentina,Nebbiolo,217.7765,180.4918,31.6,30.2403
Argentina,Negroamaro,,,,0.2023
Argentina,Nero d'Avola,5.107,3.827,0.4,0.2536
Argentina,Nevado,,,,30.401
Argentina,Palomino Fino,215.8374,162.6699,103.8,69.3801
Argentina,Pasiga,,,,3.247
Argentina,Patagonia,29.148,39.5238,,17.38
Argentina,Patrizia Rosa,10.45,152.274,,411.5455
Argentina,Pecorino,,,,0.55
Argentina,Pedro Giménez,14862.0256,13384.2726,11197,9029.0911
Argentina,Perlette,13.6834,,,8.349
Argentina,Perlon,,,,2.062
Argentina,Petit Manseng,,5.548,11.9,18.12
Argentina,Petit Verdot,158.9749,458.8034,739.6,639.1877
Argentina,Pinot Blanc,39.8371,27.2485,8.5,10.9378
Argentina,Pinot Gris,13.0443,386.2326,400.9,521.1454
Argentina,Pinot Meunier,10.68,11.48,11.2,10.8
Argentina,Pinot Noir,1113.9097,1689.2012,1866.4,1943.8294
Argentina,Prosecco,9.428,9.62,11.4,14.714
Argentina,Raboso Piave,63.9224,48.5199,24.1,22.4181
Argentina,Red Globe,1940.2082,,,2221.1385
Argentina,Rieslina,218.9687,174.4497,103.4,76.5641
Argentina,Riesling,150.4727,110.1394,93.2,69.4145
Argentina,Rondinella,,0.5,0.3,0.0621
Argentina,Roussanne,,,,3.71
Argentina,Ruby Cabernet,1.8,4.8354,1.8,0.1114
Argentina,Ruby Seedless,24.5,,,35.2441
Argentina,Rutilia,,,,0.5375
Argentina,Saint Jeannet,67.9536,55.5048,42.8,23.6798
Argentina,Sangiovese,2490.4047,2230.881,1837.4,1415.0795
Argentina,Sauvignon Blanc,864.7129,2297.2024,2148,1828.8383
Argentina,Sauvignon Blanc (G),5.52,5.52,5.5,5.39
Argentina,Sauvignonasse,756.1866,628.8566,423.517,311.754
Argentina,Savagnin Blanc,11.41,20.8843,21.6,
Argentina,Serna,18.6191,36.1021,,77.5545
Argentina,Silvaner,3.3609,9.8609,3.4,3.3609
Argentina,Sultaniye,,,,1191.2282
Argentina,Superior Seedless,,,,1689.9556
Argentina,Syrah,8888.1915,13093.1126,12706.9,11106.6774
Argentina,Sémillon,1032.9946,955.8099,767.2,578.3883
Argentina,Tannat,174.3528,580.772,837.1,826.3823
Argentina,Tempranillo,4719.8824,6564.6558,6139.7,5192.7676
Argentina,Teroldego,,,,1.25
Argentina,Torrontes Mendocino,779.9365,660.9956,652.5,520.0642
Argentina,Torrontés Riojano,8126.6567,8480.1235,8208.1,7287.6599
Argentina,Torrontés Sanjuanino,3169.5538,2527.0226,1884.8,1405.6205
Argentina,Touriga Franca,,0.43,,
Argentina,Touriga Nacional,,14.2925,27.3,19.3032
Argentina,Trebbiano Toscano,2764.5223,2424.8301,1621.5,1181.5751
Argentina,Tribidrag,6.18,0.36,0.7,1.7997
Argentina,Trincadeira,,0.25,0.3,
Argentina,Trousseau,75.2903,54.4593,33.7,23.2423
Argentina,Verdejo,,,,0.71
Argentina,Verdelho,4,15.49,17.8,13.43
Argentina,Verdicchio Bianco,,1.5,7.3,7.717
Argentina,Verduzzo Friulano,5.5544,4.6256,1.7,0.4622
Argentina,Vermentino,2.5293,2.5293,1.6,1.6103
Argentina,Victoria,145.4859,,,102.3228
Argentina,Viognier,151.3055,754.2358,772.7357,640.0865
Argentina,other,,,,60.3736
Argentina,other red,66.5668,55.5818,37.9,36.089
Argentina,other white,29.6683,31.0599,67.9,611.3045
Armenia,Akhtanak,,,,147.8605
Armenia,Alurdreni,,,,46.907
Armenia,Areni Sev,,,,883.98351
Armenia,Bayanshira,,,,202.6622
Armenia,Charentsi,,,,36.98
Armenia,Chilar,,,,46.997
Armenia,Garandmak,930.7778,930.7778,,40.714
Armenia,Kangun,849.8406,849.8406,,3802.5619
Armenia,Karmrahyut,,,,223.219
Armenia,Khindogni,,,,30.125
Armenia,Lalvari,,,,68.89627
Armenia,Megrabuir,,,,732.41635
Armenia,Milagh,,,,106.498
Armenia,Mskhali,1092.652,1092.652,,96.714
Armenia,Muscat,,,,82.6296
Armenia,Muscat Blanc à Petits Grains,526.0918,526.0918,,
Armenia,Nerkeni,,,,53.3
Armenia,Rkatsiteli,2468.585,2468.585,,2753.8262
Armenia,Tigrani,,,,34.9
Armenia,Voskeat,809.372,809.372,,146.6724
Armenia,other red,,,4405,
Armenia,other white,4528.4359,4528.4359,10300,
Australia,Afus Ali,327.7,,,9.364801884
Australia,Aglianico,,,,7
Australia,Alicante Henri Bouschet,,,,15
Australia,Arneis,,152.6,25.34051473,35.61376614
Australia,Barbera,102.9,116.1,87.08913303,116.5565353
Australia,Biancone di Portoferraio,,,7,
Australia,Cabernet Franc,744,590.7,322.8994574,319.3396347
Australia,Cabernet Sauvignon,24996.5,25967,25271.24878,26739.45313
Australia,Canada Muscat,48.6,,,326.7033548
Australia,Carignan Bouschet,,,,14
Australia,Cayetana Blanca,248.9,,71,30
Australia,Chardonnay,17265.8,27772.8,22456.46023,21454.42352
Australia,Chenin Blanc,840.9,541,445.660005,410.660005
Australia,Cinsaut,,,,8
Australia,Colombard,1801.4,2205.1,1757.625631,1386.342428
Australia,Crouchen,97.6,95.2,,33.34786892
Australia,Côt,428.7,355.7,516.9177264,594.0246812
Australia,Dolcetto,,154.2,96.58059695,99.74238899
Australia,Durif,181,416.7,566.2734038,840.4935143
Australia,Fiano,,,75.18858382,196.8343478
Australia,Gamay Noir,,,,6
Australia,Garnacha Blanca,,,,4
Australia,Garnacha Tinta,2139,1747.7,1834.236523,1828.536076
Australia,Gewürztraminer,521.3,834.4,784.0436373,658.540081
Australia,Graciano,,,,12
Australia,Grüner Veltliner,,,16,20
Australia,Korinthiaki,778.3,,,
Australia,Lagrein,,,11,10
Australia,Marsanne,216.2,238.1,156.3116643,136.8466473
Australia,Mazuelo,89.6,,,
Australia,Mencía,,,,8
Australia,Merlot,7669.1,10027.85,8731.541647,8108.131469
Australia,Monastrell,947.8,691.7,775.2921707,809.3463071
Australia,Montepulciano,,,25.9364382,89.95575011
Australia,Muscadelle,198,67.3,113.3722669,141.0390745
Australia,Muscat Blanc à Petits Grains,213.8,532.7,910.9211229,1035.311968
Australia,Muscat Blanc à Petits Grains (R),380.1,230,234.615299,267.0911725
Australia,Muscat of Alexandria,2495.4,2043.3,2219.691953,1854.417772
Australia,Nebbiolo,50.2,97.8,105.9523588,123.0509906
Australia,Nero d'Avola,,,40.6432706,99.92307995
Australia,Palomino Fino,124.4,,7,17.03396749
Australia,Pedro Ximénez,89,,5,14.51610653
Australia,Petit Verdot,721,1223.3,1146.456736,1096.61691
Australia,Pinot Blanc,,,,2
Australia,Pinot Gris,,3296,4015.018046,4917.911966
Australia,Pinot Meunier,107.2,,27,102.9529578
Australia,Pinot Noir,3223.4,4690,5211.086382,6042.113936
Australia,Prosecco,,,189.9376123,320.3904457
Australia,Riesling,3128.7,4114.1,3499.405329,3178.595931
Australia,Roussanne,,83,6,45.94483352
Australia,Rubired,,,24,
Australia,Ruby Cabernet,2424.4,961.5,834.2732454,708.4433243
Australia,Sagrantino,,,,7
Australia,Sangiovese,371.8,588.7,440.7574652,430.5992874
Australia,Saperavi,,,,11
Australia,Sauvignon Blanc,2601.9,6467.1,6502.710632,6430.623251
Australia,Savagnin Blanc,,94,131.5376464,136.4305837
Australia,Sultaniye,10297.9,430.2,173.6084938,121.9604688
Australia,Syrah,29295,42675.3,41288.3269,43605.88867
Australia,Sémillon,6528.2,6112.3,4597.114602,3787.843882
Australia,Taminga,45.6,,,
Australia,Tannat,,,,2
Australia,Tarrango,120.1,72.3,4,29.20815372
Australia,Tempranillo,41.4,476.1,714.7597704,840.3690685
Australia,Touriga Nacional,72.8,47.6,,70.69255562
Australia,Trebbiano Toscano,685.2,85.8,15,36.16698986
Australia,Tribidrag,,149.3,66.57067528,77.06269732
Australia,Verdelho,1293.2,1535.3,1063.113048,1055.697914
Australia,Vermentino,,,83.76956883,104.0182765
Australia,Viognier,116.7,1402.1,812.7120836,686.4683248
Australia,other,,,3149.71004,2256.650148
Australia,other red,2868.1,1150.5,,623.5739312
Australia,other white,3663.4,1255.85,,364.5370674
Austria,Blauburger,1767.9,896.89,750.02,438.3
Austria,Blauer Portugieser,4716.38,1621.28,1264.81,453.33
Austria,Blauer Wildbacher,928.22,365.34,433.82,529.47
Austria,Blaufränkisch,5281.2,3227.93,2807.79,2602.25
Austria,Blutenmuskateller,,,,111.79
Austria,Bouvier,729.86,234.39,216.34,203.52
Austria,Cabernet Franc,54.24,55.97,64.37,106.52
Austria,Cabernet Sauvignon,623.32,591.58,566.77,574.36
Austria,Chardonnay,,1379.87,1576.81,1937.59
Austria,Frühroter Veltliner,1251.58,424.1,368.62,237.61
Austria,Furmint,2.32,9.16,8.63,31.17
Austria,Gewürztraminer,725.74,309.01,,262.94
Austria,Goldburger,617.1,140.08,97.72,31.5
Austria,Graševina,8646.1,3462.11,3232.94,2841.71
Austria,Grüner Veltliner,34958.58,13518.83,14375.84,14426.9
Austria,Jubiläumsrebe,60.54,13.11,6.2,2.28
Austria,Merlot,223.52,644.21,694.63,816.34
Austria,MosGiallo,,,,46.82
Austria,Moscato Rosa del Trentino,,,,8.82
Austria,Muscaris,,,,97.24
Austria,Muscat Blanc à Petits Grains,286.58,492,823.23,1527.99
Austria,Muscat Ottonel,836.34,359.18,343.86,
Austria,Muskat Ottonel,,,,317.69
Austria,Müller-Thurgau,6578.56,2043.77,1777.12,1233.31
Austria,Neuburger,2187.68,651.95,507.26,247.11
Austria,Pinot Blanc,5871.08,1914.44,1916.15,1860.97
Austria,Pinot Gris,585.14,214.64,224.05,315.79
Austria,Pinot Noir,817.86,645.78,613.81,600.95
Austria,Rathay,,8.73,31.88,50.57
Austria,Riesling,3285.98,1851.5,2015.79,2264.8
Austria,Roter Veltliner,515.34,193.45,197.52,197.67
Austria,Rotgipfler,236.84,105.23,123.26,113.07
Austria,Rösler,,160.43,215.75,280.14
Austria,Sankt Laurent,830.12,775.36,724.25,601.32
Austria,Sauvignon Blanc,628.8,844.83,1170.19,1721.15
Austria,Savagnin Blanc,,,288.06,
Austria,Scheurebe,1058.92,375.75,350.86,299.98
Austria,Silvaner,105.2,41.91,38.46,22.86
Austria,Souvignier Gris,,,,66.2
Austria,Syrah,,136.8,140.53,152.88
Austria,Zierfandler,196.48,85.37,82.38,61.44
Austria,Zweigelt,8699.44,6411.71,6311.2,6094.65
Austria,other red,761.06,170.74,317.68,
Austria,other white,2924.28,1155.75,760.26,
Belgium,Acolon,,,,10.86242309
Belgium,Albana,,,,0.04124970801
Belgium,Aligoté,,,,0.2749980509
Belgium,Alvarinho,,,,1.003742884
Belgium,Artaban,,,,0.02749980519
Belgium,Auxerrois,,,,50.02214611
Belgium,Bacchus,,,,1.086242297
Belgium,Baco Noir,,,,0.09624931745
Belgium,Barbera,,,,0.6737452352
Belgium,Bianca,,,,0.8112442607
Belgium,Blattner Cal 1-22,,,,0.164998832
Belgium,Blattner Cal 1-28,,,,0.1374990255
Belgium,Blaufränkisch,,,,0.90749358
Belgium,Bronner,,,,6.201206098
Belgium,Cabaret Noir,,,,11.21992055
Belgium,Caberne Jjura,,,,2.79123023
Belgium,Cabernet Blanc,,,,4.729966464
Belgium,Cabernet Cantor,,,,6.118706656
Belgium,Cabernet Cortis,,,,16.89863018
Belgium,Cabernet Cubin,,,,0.04124970801
Belgium,Cabernet Dorio,,,,0.90749358
Belgium,Cabernet Dorsa,,,,13.51615437
Belgium,Cabernet Franc,,,,0.9487432861
Belgium,Cabernet Mitos,,,,0.04124970801
Belgium,Cabernet Sauvignon,,,,0.2474982443
Belgium,Cabertin,,,,1.058742512
Belgium,Calandra,,,,0.164998832
Belgium,Calardis Blanc,,,,0.1099992207
Belgium,Chardonnay,,,,398.8296768
Belgium,Chardonnay Rose,,,,0.08249941602
Belgium,Chasselas,,,,0.7424947405
Belgium,Chenin Blanc,,,,2.681231034
Belgium,Côt,,,,0.7287448335
Belgium,Dakapo,,,,0.02749980519
Belgium,Divico,,,,5.994957552
Belgium,Divona,,,,0.879993766
Belgium,Dornfelder,,,,14.43739772
Belgium,Dunkelfelder,,,,0.08249941602
Belgium,Floreal,,,,0.3437475637
Belgium,Gamaret,,,,1.979985955
Belgium,Gamay Noir,,,,5.967457738
Belgium,Garanoir,,,,1.278740935
Belgium,Garnacha Tinta,,,,0.04124970801
Belgium,Gewürztraminer,,,,3.671224041
Belgium,Godello,,,,0.08249941602
Belgium,Gouais Blanc,,,,0.1237491222
Belgium,Grolleau Noir,,,,0.05499961037
Belgium,Grüner Veltliner,,,,1.099992204
Belgium,Helios,,,,2.131234932
Belgium,Heunisch Weiss,,,,0.05499961037
Belgium,Johanniter,,,,95.56182289
Belgium,Kerner,,,,5.651209936
Belgium,Kersus,,,,0.1787487353
Belgium,Kleinberger Gelber,,,,0.1099992207
Belgium,Laurot,,,,0.2474982443
Belgium,Léon Millot,,,,0.439996883
Belgium,Malvasia,,,,0.3162477571
Belgium,Maréchal Foch,,,,0.1787487353
Belgium,Merlot,,,,8.00244338
Belgium,Merlot Kanthus,,,,0.05499961037
Belgium,Merlot Khorus,,,,6.324955201
Belgium,Merzling,,,,0.6874951273
Belgium,Monarch,,,,2.089985211
Belgium,Muscaris,,,,32.17477169
Belgium,Muscat,,,,1.319990656
Belgium,Muscat Bleu,,,,3.781223178
Belgium,Muscat Ottonel,,,,0.2199984415
Belgium,Müller-Thurgau,,,,18.3836199
Belgium,Nebbiolo,,,,0.6462454212
Belgium,Optima,,,,0.9487432861
Belgium,Ortega,,,,0.604995715
Belgium,Palatina,,,,0.05499961037
Belgium,Petit Meslier,,,,0.3162477571
Belgium,Phoenix,,,,2.117485025
Belgium,Pinot Blanc,,,,28.37979902
Belgium,Pinot Gris,,,,56.58084915
Belgium,Pinot Kors,,,,2.103735118
Belgium,Pinot Meunier,,,,44.71468307
Belgium,Pinot Noir,,,,153.7101604
Belgium,Pinot Noir Précoce,,,,3.451225588
Belgium,Pinotin,,,,9.941179495
Belgium,Prior,,,,0.3849972698
Belgium,Ravat Blanc,,,,4.069971166
Belgium,Rayon d'Or,,,,0.2749980509
Belgium,Reberger,,,,0.2749980509
Belgium,Regent,,,,17.77862423
Belgium,Reichensteiner,,,,0.3437475637
Belgium,Riesel,,,,0.1787487353
Belgium,Riesling,,,,15.19364243
Belgium,Rinot,,,,0.2199984415
Belgium,Rondo,,,,6.393704677
Belgium,Roter Veltliner,,,,0.2337483448
Belgium,Räuschling,,,,0.1099992207
Belgium,Sangiovese,,,,0.01374990259
Belgium,Sankt Laurent,,,,0.9349933791
Belgium,Satin Noir,,,,3.203727322
Belgium,Sauvignac,,,,17.86112331
Belgium,Sauvignon Blanc,,,,4.716216617
Belgium,Sauvignon Blanc (G),,,,1.608738614
Belgium,Sauvignon Rytos,,,,0.06874951273
Belgium,Savagnin Blanc,,,,0.604995715
Belgium,Schuyler,,,,0.04124970801
Belgium,Schönburger,,,,0.4262469834
Belgium,Seyval Blanc,,,,0.439996883
Belgium,Siegerrebe,,,,1.704987934
Belgium,Silvaner,,,,0.1237491222
Belgium,Sirius,,,,0.4674966896
Belgium,Solaris,,,,43.66969086
Belgium,Soreli,,,,1.539989079
Belgium,Souvignier Gris,,,,45.86967503
Belgium,Syrah,,,,0.6599953282
Belgium,Tempranillo,,,,1.182491616
Belgium,Trousseau,,,,0.01374990259
Belgium,UD 31103,,,,0.1099992207
Belgium,Viognier,,,,0.06874951273
Belgium,Voltis,,,,5.004964604
Belgium,Würzer,,,,0.3437475637
Belgium,Zweigelt,,,,3.808722992
Belgium,other,,,,4.028721471
Brazil,Alfrocheiro,,0.9857778,,
Brazil,Alicante Henri Bouschet,,128.6876,100.5118108,150.7677155
Brazil,Aligoté,,0.0733333,,
Brazil,Alvarelhão,,,1.810303266,2.715454817
Brazil,Alvarinho,,0.2619722,,
Brazil,Ancellotta,,99.19439,19.79931414,29.69897079
Brazil,Arinarnoa,,3.465917,1.956507733,2.934761524
Brazil,Arriloba,,2.986528,1.887829236,2.831743956
Brazil,Aspiran Bouschet,,,1.426765376,2.140148163
Brazil,Bailey,,34.37086111,48.96898537,73.45347595
Brazil,Barbera,,4.815917,1.629925441,2.444888115
Brazil,Bokay,,,4.190383699,6.28557539
Brazil,Bordô,,,,10115.40234
Brazil,Bordô,3379.128,8287.27725,6743.601518,
Brazil,Cabernet Franc,404.686,228.6948,90.79673411,136.1950989
Brazil,Cabernet Sauvignon,586.7947,913.5151,428.8648141,643.2972412
Brazil,Caladoc,,,0.2410935989,0.3616403937
Brazil,Carmem,,,327.8623004,491.793457
Brazil,Carmenère,,7.379389,9.666083823,14.49912548
Brazil,Castelão,,1.646111,,
Brazil,Chardonnay,329.8191,376.8234,339.5374239,509.3061218
Brazil,Chasselas,,3.029639,,
Brazil,Chenin Blanc,,17.60695,6.699747809,10.04962158
Brazil,Clairette,,0.07908333333,,
Brazil,Clara,,,0.04313142366,0.06469713897
Brazil,Colombard,,45.60914,22.30215324,33.453228
Brazil,Concord,2509.053,3542.756361,1687.086964,2530.630371
Brazil,Concord Clone 30,,,195.8446436,293.7669678
Brazil,Cora,,,570.1921123,855.288147
Brazil,Corvina Veronese,,0.0525,0.04633863209,0.06950794905
Brazil,Couderc 13,,,474.0925356,711.1387939
Brazil,Couderc Noir,299.4677,3310.394917,1937.831385,2906.74707
Brazil,Côt,,37.44231,29.62631135,44.43946838
Brazil,Dona Zillá,,,0.8725818787,1.308872819
Brazil,Douce Noire,,0.1070833333,,
Brazil,Durif,,6.940084,2.71661613,4.074923992
Brazil,Egiodola,,98.54528,57.49463012,86.24194336
Brazil,Ekigaina,,0.1125,,
Brazil,Flora,,5.701111,0.1161230637,0.1741845906
Brazil,Freisa,,0.7758333333,,
Brazil,Furmint,,13.22386,0.2720597493,0.4080896378
Brazil,Gamay Noir,,15.549831,5.081987641,7.622981548
Brazil,Garganega,,0.2641666667,,
Brazil,Garnacha Tinta,,0.8191111333,,
Brazil,Gewürztraminer,139.6167,12.98214,9.443016947,14.16452503
Brazil,Godello,,0.5078333333,,
Brazil,Goethe,,,19.8201057,29.73015785
Brazil,Graševina,880.1921,200.149,187.7044168,281.5566101
Brazil,Gros Manseng,,0.4149722,,
Brazil,Herbemont,1452.823,764.46875,112.0530056,168.0795135
Brazil,Isabella,14285.42,18278.67514,11664.31678,17496.47461
Brazil,Italia,,0.3134722,,
Brazil,Jacquez,169.9681,2251.515389,1273.855411,1910.783081
Brazil,Juliana,,0.2316666667,,
Brazil,Lagrein,,0.2674444,,
Brazil,Lambrusco,,7.624917,2.187979707,3.281969547
Brazil,Lorena,,519.3917778,499.9785783,749.9678955
Brazil,Magna,,,30.48130888,45.72196198
Brazil,Malvasia Bianca Lunga,,0.1785,0.1453197197,0.2179795802
Brazil,Malvasia Bianca di Candia,,113.81559,165.4507035,248.1760559
Brazil,Malvasia Fina,,,0.1647841571,0.24717623
Brazil,Margot,,,1.640653,2.460979462
Brazil,Marselan,,21.31689,22.68215214,34.02322769
Brazil,Marzemino,,1.1425,,
Brazil,Mencía,,0.3035,,
Brazil,Merlot,469.4358,765.7159,363.4137635,545.1206665
Brazil,Molinara,,0.0508333,0.03583225966,0.05374838784
Brazil,Montepulciano,,1.674,1.474209942,2.211314917
Brazil,Moscato Embrapa,,861.7928333,682.7998544,1024.199829
Brazil,Moscato Giallo,,126.3449,90.01771424,135.0265656
Brazil,Moscato Nazareno,,67.534,39.99477382,59.9921608
Brazil,Moscato Rosa del Trentino,,0.4172083333,,
Brazil,Muscat,,,671.1007322,1006.651123
Brazil,Muscat Bailey A,,19.34719,,
Brazil,Muscat Blanc à Petits Grains,,1005.05911,31.85366231,47.78049469
Brazil,Muscat of Alexandria,809.372,6.504694,5.865541838,8.798313141
Brazil,Nebbiolo,,1.318778,0.3447196091,0.5170794129
Brazil,Niagara,13435.58,3177.101889,1429.502231,2144.253418
Brazil,Niagara Red,,,468.5283607,702.7925415
Brazil,Norton,,102.2209722,76.8378571,115.2567825
Brazil,Négrette,,1.5325,,
Brazil,Ora,,0.3370833333,,
Brazil,Patrizia Rosa,,0.9263888889,,
Brazil,Petit Verdot,,8.153389,12.85825155,19.2873764
Brazil,Pinot Blanc,,1.424361,,
Brazil,Pinot Gris,,6.856222,7.453331196,11.17999649
Brazil,Pinot Noir,,144.7312,141.4605632,212.1908417
Brazil,Pinotage,,74.95861,13.24610258,19.86915398
Brazil,Prosecco,,173.1835,207.2227131,310.8340759
Brazil,Pölöskei Muskotály,,,0.2488351365,0.3732527196
Brazil,Rebo,,0.9308333,1.379099623,2.06864953
Brazil,Refosco,,,0.3605344645,0.5408017039
Brazil,Refosco dal Peduncolo Rosso,,1.07225,,
Brazil,Riesling,,8.681222,5.922276249,8.883414268
Brazil,Rondinella,,0.0527222,0.0368276002,0.05524139851
Brazil,Ruby Cabernet,,41.50867,24.35609376,36.53414154
Brazil,Rúbea,,81.34555556,181.1318514,271.6977844
Brazil,Sangiovese,,25.60431,2.941894874,4.412842274
Brazil,Sauvignon Blanc,139.6167,45.00589,32.72923021,49.09384537
Brazil,Sauvignon Blanc (G),,0.3969167,,
Brazil,Schönburger,,1.311166667,,
Brazil,Seibel,1966.774,581.3456944,477.8580195,716.7870483
Brazil,Seyval Blanc,,,41.23187153,61.84780884
Brazil,Seyval Noir,,,63.16873479,94.75310516
Brazil,Silvaner,,0.08029166667,,
Brazil,Sémillon,384.4517,23.90881,6.374050264,9.561075211
Brazil,Tannat,182.1087,294.9531,108.9573859,163.4360809
Brazil,Tardia de Caxias,,,0.3804412754,0.5706619024
Brazil,Tempranillo,,15.63461,23.2855497,34.92832565
Brazil,Teroldego,,9.807222,3.762276671,5.643414974
Brazil,Tinta Barroca,,0.5591666667,,
Brazil,Touriga Nacional,,11.64972,5.922497436,8.883746147
Brazil,Trebbiano Toscano,687.9662,148.7903,230.7182797,346.0774231
Brazil,Tribidrag,,0.031,,
Brazil,Valdiguié,,4.41875,,
Brazil,Verdelho,,1.035,,
Brazil,Verdicchio Bianco,,3.948806,0.6145674905,0.9218512177
Brazil,Vermentino,,0.2216667,,
Brazil,Viognier,,7.866861111,10.5319195,15.79787922
Brazil,Violeta,,97.68152778,635.8609214,953.7913818
Brazil,Vênus,,1.154166667,0.2552495534,0.3828743398
Brazil,other red,6014.943,537.17275,,
Brazil,other white,4312.6431,1556.148639,,
Bulgaria,Aligoté,1659.213,,285.1774415,502
Bulgaria,Cabernet Franc,,,239.5652926,692
Bulgaria,Cabernet Sauvignon,10440.9,8436,9327.304442,8607
Bulgaria,Cardinal,3035.145,,,
Bulgaria,Chardonnay,1861.556,2457,3087.216811,3525
Bulgaria,Dimyat,7648.565,2386,2997.804089,2865
Bulgaria,Gewürztraminer,971.2464,747,590.5945584,913
Bulgaria,Graševina,3601.705,,,
Bulgaria,Kadarka,1618.744,550,1161.417952,1176
Bulgaria,Königin der Weingärten,566.5604,,,
Bulgaria,Mavrud,647.4976,1296,1193.412048,1266
Bulgaria,Merlot,11169.33,10573,10049.63388,9346
Bulgaria,Misket,3763.58,,,
Bulgaria,Misket Cherven,,4159,4349.354218,4101
Bulgaria,Misket Varnenski,,336,,
Bulgaria,Muscat Ottonel,2913.739,3236,3678.706746,4810
Bulgaria,Muscat of Hamburg,445.1546,,,
Bulgaria,Pamid,22581.48,6792,6873.639442,5886
Bulgaria,Pinot Noir,768.9034,,342.4919542,569
Bulgaria,Ranna Melnishka Loza,,249,,
Bulgaria,Riesling,647.4976,,,
Bulgaria,Rkatsiteli,9429.184,3121,5414.852351,4994
Bulgaria,Sauvignon Blanc,404.686,,636.9250908,1435
Bulgaria,Shiroka Melnishka,3804.048,1580,1204.843717,
Bulgaria,Siroka Melniska,,,,1184
Bulgaria,Storgozia,,295,,
Bulgaria,Syrah,,,803.7566531,1087
Bulgaria,Trebbiano Toscano,1821.087,723,737.6133109,728
Bulgaria,other red,3761.986,5772,,
Bulgaria,other white,2435.376,3425,,
Cambodia,Black Queen,,,3,3
Cambodia,Cabernet Sauvignon,,,2,2
Cambodia,Merlot,,,2,2
Cambodia,Syrah,,,3,3
Canada,Adalmiina,,,4.9,4.900000095
Canada,Alicante Henri Bouschet,,,0.404686,0.380418
Canada,Aligoté,,,30.22675176,30.22675085
Canada,Alvarinho,,,,2.7316305
Canada,Arinarnoa,,,289.0433137,289.0433083
Canada,Arvine,,,,0.23471788
Canada,Auxerrois,,37.51552,37.542213,36.57906073
Canada,Bacchus,,21.04049,20.01981642,21.13270292
Canada,Baco Noir,279.2333,372.604586,704.3053149,704.1193009
Canada,Barbera,,1.267206,1.26666718,1.748304
Canada,Blattner Brickett Red,,,,3.516843
Canada,Blattner Cabernet Foch,,,,5.588907
Canada,Blattner Cabernet Libre,,,,2.950263
Canada,Blattner Reds,,39.38866,8.15037604,
Canada,Blattner Whites,,25.36842,6.94441176,
Canada,Blauburger,,,18.45575708,18.45575714
Canada,Blaufränkisch,,4.089069,4.5931861,3.804166004
Canada,Cabernet Foch,,,1.7806184,1.780618429
Canada,Cabernet Franc,566.5604,664.2375,819.5838285,978.917818
Canada,Cabernet Sauvignon,568.5838,541.8906,659.5808965,747.358775
Canada,Canadice,,,0.1821087,0.1821087003
Canada,Carmenère,,1.793522,2.75995852,6.430683
Canada,Castel,,2.153846,2.94611408,2.683147574
Canada,Cayuga White,,,2.90766814,2.907668114
Canada,Chambourcin,,53.97436,,0.659661
Canada,Chancellor,,2.874494,3.25474016,3.271020024
Canada,Chardonnay,973.2698,1177.7922,1416.679624,1518.332701
Canada,Chasselas,,5.210526,10.5623046,10.56635146
Canada,Chenin Blanc,,7.287449,6.41831996,15.15144384
Canada,Cinsaut,,,,0.16188
Canada,Colmar Precoce Noir,,,0.2428116,0.2428116053
Canada,Concord,977.3167,252.0513,182.5230779,183.7371751
Canada,Corvina Veronese,,,0.5,0.5
Canada,Csaba Gyöngye,,,1.3354638,1.638978262
Canada,Côt,,38.8502,41.24559712,60.526932
Canada,David Macgregor 8521-1,,,1.7,1.700000048
Canada,De Chaunac,119.3824,38.97436,53.13156924,53.13156801
Canada,Delisle,,,0.1,0.1000000015
Canada,Dolcetto,,,,1.719975
Canada,Dornfelder,,1.283401,13.39268742,13.62340008
Canada,Dunkelfelder,,2.493927,2.39978798,2.039688
Canada,Durif,,,,1.242429
Canada,ES 10-18-14,,,0.1,0.1000000015
Canada,Ehrenfelser,,28.55061,32.09969352,26.31268372
Canada,Einset Seedless,,,0.3035145,0.3035145104
Canada,Elmer Swenson 10- 18- 30,,,0.1,0.1000000015
Canada,Elvira,68.79662,7.692307,,
Canada,Eona,,,1.7,1.700000048
Canada,Epicure,,,,0.1618744
Canada,Fredonia,72.84348,,,
Canada,Frontenac,,,63.86063709,67.11849102
Canada,Frontenac (G),,,25.33248166,25.33248204
Canada,Frontenac (W),,,26.2291838,26.93333651
Canada,GM 322,,17.05128,,
Canada,Gamaret,,,0.3,0.3000000119
Canada,Gamay Noir,263.0459,220.18756,272.334741,306.9713781
Canada,Gamay Teinturier de Bouze,,,,0.4047
Canada,Garnacha Tinta,,1.692308,1.04813674,7.430292
Canada,Geisenheim 318-57,,105.5128,13.7883964,13.78839612
Canada,Gewürztraminer,236.7413,403.9096,398.2447796,368.9819317
Canada,Grüner Veltliner,,,2.71948992,6.02172768
Canada,Hasansky Sladky,,,1.2,1.200000048
Canada,Hibernal,,,0.5,0.5
Canada,Italia,,,2.2460073,
Canada,KW 96-2,,,0.202343,0.202343002
Canada,Kat.E.Lin,,,0.202343,0.202343002
Canada,Kay Gray,,,0.5,0.5
Canada,Kentville White 94-1,,,0.2832802,0.2832801938
Canada,Kentville White 94-2,,,0.607029,0.6070290208
Canada,Kerner,,11.38866,11.4526138,12.8487805
Canada,L'Acadie Blanc,,,,1.5378068
Canada,La Crescent,,,4.3612368,5.619810272
Canada,Louise Swenson,,,1.9,1.899999976
Canada,Lucie Kuhlmann,,,21.2763626,21.39777242
Canada,L´Acadie Blanc,,,64.721644,64.72164392
Canada,Léon Millot,,2.91498,19.5809449,19.43134538
Canada,Madeleine Sylvaner,,6.234818,5.5846668,1.821087
Canada,Madeleine × Angevine 7672,,6.619433,9.6719954,6.32119532
Canada,Malvasia,,,,1.214058
Canada,Marquette,,,44.14675938,45.02514371
Canada,Marsanne,,2.623482,3.03109814,3.18892568
Canada,Maréchal Foch,109.2652,158.40754,93.98927374,88.24045507
Canada,Merlot,673.8022,998.5222,633.2115451,753.615499
Canada,Michurinets,,0.4048583,0.404686,
Canada,Millot-Foch,,,123.9587464,123.9587479
Canada,Minnesota Muscat,,,0.3237488,0.3237487972
Canada,Monastrell,,1.546559,1.46496332,2.068017
Canada,Montepulciano,,,,0.4047
Canada,Montreal Blues,,,0.6,0.6000000238
Canada,Muscat,,,11.4930824,56.97978845
Canada,Muscat Fleur d’Oranger,,,,1.28690148
Canada,Muscat Ottonel,,,31.95587953,31.95587981
Canada,Muscat Swenson,,24.07692,36.24367816,
Canada,Müller-Thurgau,,6.716599,5.9893528,4.66602958
Canada,Nebbiolo,,0.2024291,0.202343,0.959139
Canada,New York Muscat,,4.871795,12.2954254,12.29542506
Canada,New York Muscat and VG4111,,,2.034492907,2.03449288
Canada,Niagara,461.342,155,87.48319499,87.48319817
Canada,Okanagan Riesling,,,0.5,0.5
Canada,Optima,,5.672065,5.66965086,3.86879816
Canada,Oraniensteiner,,1.619433,2.1043672,2.00724256
Canada,Ortega,,28.70445,26.1224813,20.98701596
Canada,Osceola Muscat,,,7.049203,7.049203157
Canada,Petit Milo,,,,9.6719954
Canada,Petit Verdot,,26.55061,25.91609144,42.930576
Canada,Petite Milo,,,5.6251354,5.625135422
Canada,Petite Pearl,,,9.325773,9.325773001
Canada,Pinot Blanc,145.687,125.224,108.7310345,98.05137094
Canada,Pinot Gris,210.4367,549.2658,648.8216325,726.5294403
Canada,Pinot Meunier,,4.587045,9.02854466,15.49183103
Canada,Pinot Noir,457.2952,640.2469,638.9884849,874.797914
Canada,Pinotage,,6.032389,6.1309929,7.673112
Canada,Pionnier,,,1.4,1.399999976
Canada,Prairie Star,,,2.8,2.799999952
Canada,Radisson,,,7.7,7.699999809
Canada,Refosco,,,,0.157833
Canada,Regent,,,,0.16188
Canada,Reichensteiner,,4.65587,4.7550605,2.02343
Canada,Reliance,,,0.5260918,0.526091814
Canada,Riesling,481.5764,871.0472,1187.810858,1250.334861
Canada,Rkatsiteli,,,,0.01618744
Canada,Rosette,,,,0.8094
Canada,Rotberger,,1.194332,1.1938237,1.13316
Canada,Roussanne,,5.206478,8.08967314,11.11672442
Canada,Sabrevois,,,12.6,12.60000038
Canada,Saint-Cliche,,,0.1,0.1000000015
Canada,Sangiovese,,3.307692,3.52481506,5.78721
Canada,Sankt Laurent,,0.3643725,0.1618744,0.24282
Canada,Sauvignon Blanc,147.7104,320.1417,284.8632174,303.4504414
Canada,Savagnin Blanc,,0.7044535,0.9510121,0.23876474
Canada,Scheurebe,,,1.1331208,1.133120775
Canada,Schönburger,,10.75708,13.94547956,12.70309354
Canada,Seyval Blanc,131.5229,112.0513,2259.303647,2259.344132
Canada,Seyval Noir,,,12.4,12.39999962
Canada,Seyve Villard 23-512,,28.58974,,
Canada,Siegerrebe,,17.53036,21.70331018,22.88904017
Canada,Siegfriedrebe,,,1.7401498,1.744196716
Canada,Silvaner,,0.2024291,0.202343,4.0063914
Canada,Somerset Seedless,,,1.4,1.399999976
Canada,Sovereign Coronation,,,0.8847981877,0.8847981915
Canada,Sovereign Opal,,2.834008,3.035145,5.02215326
Canada,St Croix,,,17.4237488,17.10000038
Canada,St Pepin,,,13,13
Canada,Summerland,,,0.1011715,0.101171501
Canada,Swenson White,,,2.4,2.400000095
Canada,Syrah,,273.56279,259.985216,310.4223038
Canada,Sémillon,,19.1417,18.99596084,24.98531364
Canada,Tannat,,,0.202343,2.278461
Canada,Tempranillo,,5.631579,6.45069484,8.62011
Canada,Teroldego,,,1.53375994,1.056267
Canada,Touriga Nacional,,,,1.01175
Canada,Traminette,,,0.607029,0.6070290208
Canada,Trebbiano Toscano,,2.024292,2.225773,1.22619858
Canada,Tribidrag,,7.627531,8.47412484,9.332382
Canada,Triomphe,,,2.630459,2.63045907
Canada,Turán,,2.311741,2.45239716,0.339948
Canada,Vandal-Cliche,,,14.3,14.30000019
Canada,Verdejo,,,,0.9307778
Canada,Verdelet,,0.6072875,0.58274784,0.7284348
Canada,Vidal,513.9512,1284.29959,59.44463148,60.96220545
Canada,Villard Noir,,8.205129,,
Canada,Vineland 53035,,,4.04686,4.046860218
Canada,Viognier,,82.59514,100.7404593,105.8273623
Canada,Zengő,,,,2.832802
Canada,Zweigelt,,47.78813,18.53057194,17.721813
Canada,other red,653.0823,65.61050767,68.83772998,53.98575354
Canada,other white,386.9548,74.30178233,250.5370481,235.6850748
Chile,Aglianico,,,,2.2
Chile,Ahmeur Bou Ahmeur,,,0.3,0.3
Chile,Albillo Mayor,,0.25,0.25,0.75
Chile,Albillo Real,2,,,
Chile,Alicante Henri Bouschet,2882,4227.65,6908.05,7749.72
Chile,Alvarinho,,0.47,0.64,9.98
Chile,Aramon Noir,,,,0.68
Chile,Arinarnoa,,,2.47,2.57
Chile,Barbera,,3.5,4.57,5.98
Chile,Baroque,,,,1.88
Chile,Black Prince,,,0.6,1.79
Chile,Blanca Ovoide,107,40.03,43.54,44.39
Chile,Blauer Portugieser,,1.57,3.48,3.86
Chile,Cabernet Franc,689,1320.77,1578.39,1701.76
Chile,Cabernet Sauvignon,35967,40727.95,42408.65,37207.05
Chile,Carmenère,4719,8826.7,10503.29,10219.62
Chile,Cesanese,,,,0.1
Chile,Cesar,,,4,10.61
Chile,Chardonnay,7672,13082.29,11434.73,10205.51
Chile,Chasselas,404,88.17,196.72,262.91
Chile,Chenin Blanc,76,56.58,39.04,40.09
Chile,Ciliegiolo,,,,0.59
Chile,Cinsaut,195,197.78,847.77,1033.34
Chile,Corvina Veronese,,,0.9,1.62
Chile,Crystal,,1.5,1.5,3.3
Chile,Côt,929,1263.78,2292.82,2507.54
Chile,Dodrelyabi,,,0.35,0.35
Chile,Dolcetto,,,0.8,0.9
Chile,Durif,,103.75,207.67,215.32
Chile,Falanghina,,,,0.1
Chile,Fiano,,,,0.25
Chile,Flora,,,,0.64
Chile,Gamay Noir,,0.44,0.44,0.44
Chile,Garganega,,,1,1.11
Chile,Garnacha Tinta,,37.04,186.96,235.4
Chile,Gewürztraminer,121,315.86,371.47,290.56
Chile,Graciano,,0.46,0.6,0.6
Chile,Greco,,,,0.16
Chile,Gros Manseng,,,,0.08
Chile,Grüner Veltliner,,,,0.15
Chile,Hondarribi Beltza,,0.49,0.49,0.49
Chile,Huasquina Pisquera,,,,0.6
Chile,Incrocio Manzoni 2.15,,,,6.82
Chile,Korinthiaki,,4.11,89.31,43.55
Chile,Lacrima Christi,,85.45,226.39,261.97
Chile,Lagrein,,,,0.1
Chile,Listán Prieto,15181,3868.79,9693.48,10389.68
Chile,Malvasia Fina,4305,,,
Chile,Marsanne,1,17.34,17.91,20.42
Chile,Marselan,,,24.09,56.73
Chile,Mazuelo,641,477.13,811.08,938.52
Chile,Mencía,,0.49,0.57,1.3
Chile,Merlot,12825,10040.5,12056.67,10651.51
Chile,Monastrell,22,59.16,102.21,119.13
Chile,Montepulciano,,,1.63,6.28
Chile,Moscato Giallo,,,161.7,48.61
Chile,Muscat,,,0.92,0.29
Chile,Muscat Blanc à Petits Grains,,,1.35,1.08
Chile,Muscat Blanc à Petits Grains (G),,75.76,1731.67,165.5
Chile,Muscat of Alexandria,,1090.33,5423.7,4216.71
Chile,Nebbiolo,9.5,11.1,10.66,8.41
Chile,Pedro Giménez,,117.63,4379.09,528.68
Chile,Pedro Ximénez,2379,,,
Chile,Petit Manseng,,,0.36,0.38
Chile,Petit Verdot,84,576.25,862.57,799.35
Chile,Pignoletto,,,,0.1
Chile,Pinot Blanc,14,10.21,18.39,7.38
Chile,Pinot Gris,2,177.99,437.34,777.51
Chile,Pinot Meunier,,,1.9,2.95
Chile,Pinot Noir,1614,2884.04,4090.53,3869.91
Chile,Refosco,,,,0.41
Chile,Riesling,286,367.17,412.81,342.33
Chile,Roussanne,,6.06,25.29,29.91
Chile,Sagrantino,,,0.81,1.17
Chile,Sangiovese,123,100.29,152.1,118.49
Chile,Sauvignon Blanc,6662,12159.06,14999.23,14456.9
Chile,Sauvignon Blanc (G),7,125.32,133.91,110.66
Chile,Sauvignonasse,132,785.17,658.18,425.7
Chile,Silvaner,,,,0.01
Chile,Syrah,2040,6027.01,7994.35,6608.21
Chile,Sémillon,1893,846.31,849.37,620.45
Chile,Tamarugal,,,0.7,1.3
Chile,Tannat,,2.34,7.17,5.83
Chile,Tempranillo,1,47.91,127.39,132.5
Chile,Teroldego,,,,0.71
Chile,Terrano,,,,0.1
Chile,Tinta Barroca,,0.84,1.88,
Chile,Torrontés Riojano,65,449.26,643.37,618.34
Chile,Torrontés Sanjuanino,,3.9,1771.49,46.87
Chile,Touriga Nacional,,0.4,1.69,11.47
Chile,Tribidrag,91,57.58,66.15,67.38
Chile,Trousseau,,,,0.52
Chile,Verdejo,,,2.15,5.08
Chile,Verduzzo Friulano,,,,0.09
Chile,Vermentino,,,0.07,3.07
Chile,Viognier,128,753.03,839.46,720.88
Chile,other red,7034.974736,,,
Chile,other white,4662.025264,,,
China,Beibinghong,,,1600,640
China,Cabernet Franc,,506.6666,600,240
China,Cabernet Sauvignon,,22612.39996,40300,16120
China,Carmenère,,1352.86666,11200,4480
China,Chardonnay,,737.5334,6100,2440
China,Chenin Blanc,,10,,
China,Cinsaut,,3.133333,,
China,Garnacha Tinta,,11.33333,4000,1600
China,Gewürztraminer,,5.266667,,
China,Graševina,,,3000,1200
China,Longyan,,,1000,400
China,Marselan,,,,3500
China,Mazuelo,,,100,40
China,Merlot,,3560.46706,16700,6680
China,Muscat of Alexandria,,,3000,1200
China,Pinot Blanc,,2,,
China,Pinot Gris,,2,,
China,Pinot Noir,,40,400,160
China,Riesling,,436.66667,1600,640
China,Ruby Cabernet,,40,,
China,Sauvignon Blanc,,1.133333,2000,800
China,Syrah,,222.79997,1000,400
China,Sémillon,,0.6666667,,
China,Trebbiano Toscano,,,1500,600
China,Vidal,,,1500,600
China,Yan 73,,,4800,1920
China,other red,,,70652.68924,24761.08008
China,other white,,,6947.310757,2778.924316
Croatia,Afus Ali,,,,3.8
Croatia,Agadaj,,,,0.25
Croatia,Albana,,,,3.3
Croatia,Alicante Henri Bouschet,,,,13.86
Croatia,Alphonse Lavallée,,,,3.56
Croatia,Ancellotta,,11.44,,9.57
Croatia,Aurore,,,,0.17
Croatia,Babica,,17.96,,10.05
Croatia,Babić,1188.967,358.63,,274.56
Croatia,Barbera,,,,0.62
Croatia,Bianca,,,,0.29
Croatia,Bilina Privlačka,,,,0.53
Croatia,Blauburger,,,,2.24
Croatia,Blauer Portugieser,,41.75,,32.51
Croatia,Blaufränkisch,1188.967,558.34,521,423.03
Croatia,Bogdanuša,,48.3,,42.54
Croatia,Bombino Bianco,,,,0.08
Croatia,Bouvier,,,,0.63
Croatia,Bratkovina Bijela,,,,1.07
Croatia,Bratkovina Crna,,,,0.06
Croatia,Cabernet Cortis,,,,1.28
Croatia,Cabernet Franc,,95.11,,100.05
Croatia,Cabernet Sauvignon,,646.44,709,656.9
Croatia,Calmeria,,,,0.28
Croatia,Cardinal,,90.94,,79.64
Croatia,Carmenère,,18.59,,19.11
Croatia,Cetinka,,34.62,,31.32
Croatia,Chardonnay,,668.24,657,562.96
Croatia,Chasselas,,21.29,,19.93
Croatia,Chasselas (R),,,,2.74
Croatia,Chenin Blanc,,,,0.02
Croatia,Cinsaut,,,,2.31
Croatia,Clairette,,,,0.37
Croatia,Crnka Crna,,,,0.1
Croatia,Croatina,,,,4.2
Croatia,Crveni Drenak,,,,0.26
Croatia,Csaba Gyöngye,,,,1
Croatia,Côt,,,,0.55
Croatia,Debit,,402.62,,312.02
Croatia,Demir Kapija,,,,2.51
Croatia,Dimyat,,5.78,,15.66
Croatia,Divljaka,,,,0.14
Croatia,Dišeća Ranina,,1.82,,1.57
Croatia,Dobričić,,,,9.58
Croatia,Dolcetto,,,,0.11
Croatia,Dornfelder,,,,2.66
Croatia,Drnekuša,,,,3.27
Croatia,Dugovrst,,,,0.9
Croatia,Duranija Bijela,,,,0.04
Croatia,Early Muscat,,,,0.5
Croatia,Emerald Riesling,,,,0.23
Croatia,Ezerjó,,,,0.01
Croatia,Folle Blanche,,,,0.01
Croatia,Furmint,,172.11,,123.26
Croatia,Galac,,,,0.02
Croatia,Gamay Noir,,,,2.22
Croatia,Gamay Teinturier de Bouze,,,,5.43
Croatia,Garganega,,,,0.11
Croatia,Garnacha Blanca,,23.85,,7.27
Croatia,Garnacha Tinta,,102.79,,78.64
Croatia,Gegić,,11.13,,11.57
Croatia,Gewürztraminer,,234.05,,231.38
Croatia,Glavinuša,,,,5.33
Croatia,Gouais Blanc,,,,0.31
Croatia,Graševina,16051.06,4700.73,4459,4313.23
Croatia,Grk Bijeli,,,,25.82
Croatia,Grüner Veltliner,,,,2.33
Croatia,Gustopupica,,,,4.36
Croatia,Heunisch Weiss,,,,5.15
Croatia,Hrvatica,,,,0.63
Croatia,Hárslevelű,,,,1.38
Croatia,Irsai Oliver,,,,0.03
Croatia,Johanniter,,,,2.53
Croatia,Kadarka,,5.13,,3.46
Croatia,Kadarun,,,,3.11
Croatia,Kerner,,4.37,,8.83
Croatia,Knipperle,,,,1.25
Croatia,Kodryanka,,,,5.55
Croatia,Koenigin Der Weingaerten,,,,3.03
Croatia,Kraljevina,,267.75,,
Croatia,Krivalja Bijela,,,,0.14
Croatia,Krkošija,,,,0.09
Croatia,Krstač,,,,0.34
Croatia,Krstičevica,,,,0.01
Croatia,Kujundžuša,,206.06,,169.09
Croatia,Kurtelaška,,,,2.07
Croatia,Kövidinka,,55.82,,16.35
Croatia,Lasina,,14.45,,17.85
Croatia,Lipolist,,,,0.11
Croatia,Lival,,,,0.15
Croatia,Ljutun,,,,0.27
Croatia,Luglienga Bianca,,,,0.17
Croatia,Malvasia Bianca Lunga,,284.97,,303.59
Croatia,Malvasia Bianca di Candia,,,,0.81
Croatia,Malvasia Nera di Brindisi,,,,2.79
Croatia,Malvasia di Lipari,,24.28,,41.95
Croatia,Malvazija Istarska,7133.805,1704.53,1600,1551.06
Croatia,Manzoni Bianco,,,,11.76
Croatia,Marselan,,,,2.42
Croatia,Mazuelo,,34.31,,23.06
Croatia,Medina,,8.42,,
Croatia,Medna,,,,9.42
Croatia,Mejsko Belo,,,,0.19
Croatia,Mekuja Bijela,,,,0.28
Croatia,Merlot,,779.59,828,804.72
Croatia,Merzling,,,,0.07
Croatia,Michele Palieri,,,,2.77
Croatia,Mladinka,,,,5.77
Croatia,Monastrell,,,,5.52
Croatia,Mondeuse Noire,1188.967,,,
Croatia,Montepulciano,,,,1.62
Croatia,Morio-Muskat,,,,0.09
Croatia,Moscato Giallo,,58.53,,115.44
Croatia,Moscato Rosa del Trentino,,14.37,,
Croatia,Muscat Blanc à Petits Grains,,56.05,,55.52
Croatia,Muscat Blanc à Petits Grains Noir,,,,1.05
Croatia,Muscat Madam Mathiasz,,,,0.09
Croatia,Muscat Ottonel,,23.33,,58.98
Croatia,Muscat of Alexandria,,,,0.35
Croatia,Muscat of Hamburg,,14.04,,19.06
Croatia,Muškat D’Adda,,,,0.03
Croatia,Müller-Thurgau,,59.86,,4.51
Croatia,Nebbiolo,,,,0.56
Croatia,Neuburger,,,,0.88
Croatia,Nincusa,,16.55,,13.64
Croatia,Olivette Noire,,,,0.06
Croatia,Opsimos Edessis,,,,0.4
Croatia,Ora,,,,0.7
Croatia,Palarusa,,,,2.5
Croatia,Perlon,,,,0.19
Croatia,Petit Verdot,,,,2.64
Croatia,Phoenix,,,,0.22
Croatia,Pinot Blanc,,187.58,,132.3
Croatia,Pinot Gris,,219.42,,168.77
Croatia,Pinot Meunier,,,,0.22
Croatia,Pinot Noir,,179.65,,181.6
Croatia,Plavac Mali,6539.321,1569.1,1664,
Croatia,Plavac Mali Crni,,,,1274.64
Croatia,Plavec Žuti,,12.99,,10.67
Croatia,Plavina,,643.39,683,508.82
Croatia,Pleskunaca,,,,0.17
Croatia,Portugieser Rot,,,,167.67
Croatia,Pošip Bijeli,6539.321,252.53,,337.42
Croatia,Prima,,,,5.36
Croatia,Prokupac,,,,1.44
Croatia,Prosecco,,,,3.83
Croatia,Prč Bijeli,,,,6.16
Croatia,Ranfol,,133.55,,115.81
Croatia,Refosco,,,,80.97
Croatia,Regent,,,,1
Croatia,Ribol,,,,0.71
Croatia,Ribolla Gialla,,,,0.06
Croatia,Riesling,,676.45,625,489.7
Croatia,Rkatsiteli,,56.5,,56.26
Croatia,Roter Veltliner,,,,1.69
Croatia,Ruby Cabernet,,,,0.3
Croatia,Ruzevina,,,,0.29
Croatia,Sangiovese,,,,0.66
Croatia,Sankt Laurent,,,,1
Croatia,Sauvignon Blanc,,249.33,,
Croatia,Sauvignonasse,,,,0.22
Croatia,Savagnin Blanc,,18.24,,311.04
Croatia,Scheurebe,,,,1.42
Croatia,Schiava Grossa,,,,0.34
Croatia,Silvana Rot,,,,0.3
Croatia,Silvaner,,139.38,,136.73
Croatia,Sirmium,,,,0.04
Croatia,Slankamenka,,30.59,,18.69
Croatia,Smudna Belina,,,,0.01
Croatia,Soić Crni,,,,5.35
Croatia,Solaris,,,,4.82
Croatia,Sublima Seedless,,,,1.22
Croatia,Sultaniye,,,,0.13
Croatia,Suscan,,5.28,,4.61
Croatia,Sušćan,,,,5.96
Croatia,Syrah,,187.19,,219.98
Croatia,Sémillon,,,,1
Croatia,Tannat,,,,0.84
Croatia,Tempranillo,,,,3.07
Croatia,Terrano,,350.1,,227.57
Croatia,Touriga Franca,,,,0.06
Croatia,Touriga Nacional,,,,0.2
Croatia,Trbljan,,230.81,,167.93
Croatia,Trebbiano Romagnolo,,,,0.45
Croatia,Trebbiano Toscano,,210.38,,153.92
Croatia,Tribidrag,,64.67,,72.66
Croatia,Trnjak,,15.32,,24.31
Croatia,Verduzzo Friulano,,,,1.02
Croatia,Vermentino,,,,0.49
Croatia,Victoria,,52.39,,55.84
Croatia,Viognier,,,,10.95
Croatia,Vitovska Grganja,,,,0.05
Croatia,Vlaška,,,,7.06
Croatia,Vranac,,148.56,,141.08
Croatia,Vugava,,35.76,,0.07
Croatia,Vugava Crvena Omiška,,,,0.02
Croatia,Zacretska Belina,,,,0.26
Croatia,Zadarka Crna,,,,0.36
Croatia,Zelen,,,,3.34
Croatia,Zlatarica Blatska,,,,0.54
Croatia,Zlatarica Vrgorska,,19,,
Croatia,Zweigelt,,123.15,,69.08
Croatia,other,,,,51.97
Croatia,other red,4977.692,1013.853063,,
Croatia,other white,14640.27,1829.886937,,
Croatia,Škrlet,,61.21,,70.31
Croatia,Žametovka,,0.13,,2.68
Croatia,Žilavka,,,,6.36
Croatia,Žlahtina,,134.55,,150.1
Croatia,Župljanka,,4.12,,4.5
Cyprus,Agiorgitiko,,,,6.74
Cyprus,Alicante Henri Bouschet,,,,23.51
Cyprus,Altesse,,,,1.49
Cyprus,Assyrtiko,,,,11.53
Cyprus,Cabernet Franc,,203,146,89.25
Cyprus,Cabernet Sauvignon,,369,255,139.73
Cyprus,Chardonnay,,128,98,67.98
Cyprus,Gamay Noir,,,,0.12
Cyprus,Garnacha Tinta,,84,81,77.93
Cyprus,Gewürztraminer,,,,0.53
Cyprus,Kanella,,,,2.12
Cyprus,Lefkada,,,,83.65
Cyprus,Malvasia Bianca Lunga,,,,0.35
Cyprus,Malvasia di Candia Aromatica,,,,0.57
Cyprus,Maratheftiko,,152,159,166.44
Cyprus,Mavro,10969.01403,3575,3187,
Cyprus,Mazuelo,,481,325.5,169.9
Cyprus,Merlot,,63,56.5,50.41
Cyprus,Monastrell,,172,205,237.66
Cyprus,Morokanela,,,,16.94
Cyprus,Moschofilero,,,,0.41
Cyprus,Muscat Blanc à Petits Grains,,,,0.05
Cyprus,Muscat Ottonel,,,,5.02
Cyprus,Muscat of Alexandria,,120,109,97.91
Cyprus,Muscat of Hamburg,,,,2.88
Cyprus,Oeillade Noire,,,,15.75
Cyprus,Ofthalmo,,141,105,69.406
Cyprus,Palomino Fino,,,,28.15
Cyprus,Pinot Noir,,,,0.19
Cyprus,Promara,,,,27.85
Cyprus,Riesling,,,,3.29
Cyprus,Sauvignon Blanc,,,,58.26
Cyprus,Spourtiko,,,,12.5
Cyprus,Sultaniye,,371,399,427.35
Cyprus,Syllogi,,,,13.05
Cyprus,Syrah,,244,280.5,316.74
Cyprus,Sémillon,,,,40.76
Cyprus,Trebbiano Toscano,,,,5.94
Cyprus,Tribidrag,,,,0.55
Cyprus,Vasilissa,,,,10.65
Cyprus,Vermentino,,,,0.53
Cyprus,Vertzami,,96,90,
Cyprus,Viognier,,,,1.98
Cyprus,Xinomavro,,,,0.25
Cyprus,Xynisteri,2742.253508,2092,1946,1957.558
Cyprus,Yiannoudi,,,,29.21
Cyprus,other,,,,2823.618
Cyprus,other red,3656.33801,127,269,
Cyprus,other white,914.0845025,190,141,
Czechia,Agni,,6,,6.6
Czechia,André,,261,,166.0448
Czechia,Ariana,,3,,
Czechia,Aurelius,,44,,48.2157
Czechia,Blauburger,,,,11.8576
Czechia,Blauer Portugieser,339.9362,622,599,465.9216
Czechia,Blaufränkisch,679.8725,1160,1143,935.0444
Czechia,Cabernet Cortis,,,,39.8871
Czechia,Cabernet Moravia,,212,,173.8719
Czechia,Cabernet Sauvignon,,230,,224.5962
Czechia,Chardonnay,566.5604,766,820,995.5666
Czechia,Dornfelder,,119,,178.2273
Czechia,Dunaj,,,,5.9448
Czechia,Fratava,,,,6.1648
Czechia,Frühroter Veltliner,,217,,127.1412
Czechia,Gewürztraminer,,601,591,780.5498
Czechia,Graševina,1246.433,1148,1114,1116.7675
Czechia,Grüner Veltliner,1699.681,1527,1538,1487.2009
Czechia,Hibernal,,,,421.2105
Czechia,Irsai Olivér,,69,,131.8719
Czechia,Kerner,,,,72.6631
Czechia,Laurot,,6,,
Czechia,Merlot,,90,,185.7156
Czechia,Muscat Ottonel,,60,,47.2716
Czechia,Muskat Moravsky,,351,,462.4283
Czechia,Müller-Thurgau,1586.369,1572,1479,1280.9068
Czechia,Neronet,,33,,33.5373
Czechia,Neuburger,339.9362,303,,245.0375
Czechia,Odessky Cherny,,17,,26.2386
Czechia,Palava,,198,,
Czechia,Pinot Blanc,,732,762,764.0686
Czechia,Pinot Gris,,706,826,1053.1834
Czechia,Pinot Meunier,,,,6.4743
Czechia,Pinot Noir,,688,697,723.4297
Czechia,Pálava,,,,837.5191
Czechia,Regent,,,,15.5125
Czechia,Riesling,793.1846,1181,1172,1311.4912
Czechia,Sankt Laurent,1019.809,1291,1183,797.3553
Czechia,Sauvignon Blanc,,804,906,934.0915
Czechia,Silvaner,,122,,182.7695
Czechia,Solaris,,,,177.6657
Czechia,Zweigelt,453.2483,811,770,669.0907
Czechia,other,,,,551.0377
Czechia,other red,906.4966,51,,
Czechia,other white,1699.681,241,,
Ethiopia,Chenin Blanc,,54,54,54
Ethiopia,Crimson Seedless,,5.54,5.54,5.539999962
Ethiopia,Flame Seedless,,13.17,13.17,13.17000008
Ethiopia,Red Globe,,2.17,2.17,2.170000076
Ethiopia,Sangiovese,,90,90,90
Ethiopia,Sultaniye,,4.29,4.29,4.289999962
France,Abondant,0.36,0.3156,0.3125473442,0.3125473442
France,Abouriou,419.04,328.8513,310.2260459,185.8373
France,Admirable de Courtiller,,27.7487,26.76766963,26.76766963
France,Afus Ali,,52.0039,49.65623867,49.65623867
France,Albana,,0.1248,0.07666349392,0.07666349392
France,Aleatico,13.24,13.6416,13.91631752,13.91631752
France,Alicante Henri Bouschet,8763.94,4322.3849,2607.343096,2607.343096
France,Aligoté,1756.02,1953.4399,1927.046581,1982.9102
France,Alphonse Lavallée,2.39,807.8679,605.5852664,605.5852664
France,Altesse,293.21,358.9603,221.8645794,287.3703
France,Aramon Bouschet,10.01,,,
France,Aramon Noir,9156.56,2586.0422,1166.739478,1166.739478
France,Aramon Noir (W),43.06,14.8665,14.39912289,14.39912289
France,Aranel,21.75,5.0234,4.746381965,4.746381965
France,Arbane,1.34,1.7285,1.319451052,14
France,Arinarnoa,148.85,156.1999,145.1117613,145.1117613
France,Arriloba,58.91,47.6133,46.33860424,46.33860424
France,Arrouya,,0.0169,0.01643125967,0.01643125967
France,Arrufiac,126,80.0869,8.633949016,8.633949016
France,Aspiran Bouschet,0.23,,,
France,Aubin Blanc,1.44,0.8642,0.6777191487,0.6777191487
France,Aubun,1411.44,552.8595,537.0073774,537.0073774
France,Auxerrois,1997.38,2365.3299,2408.643829,2528.4409
France,Baco Blanc,2136.57,738.625,527.5454886,918.2486
France,Baco Noir,6.23,7.3607,4.732761153,4.732761153
France,Baleille,1.47,,,
France,Barbarossa,16.21,,,
France,Barbaroux,79.25,29.9503,29.20828571,29.20828571
France,Bariadorgia,0.29,,,
France,Baroque,168.55,94.0009,83.39681658,49.0678
France,Beclan,0.18,0.251,0.06498001231,0.06498001231
France,Bellandais,1.52,,,
France,Biancu Gentile,1,8.808,5.410673513,144.0507
France,Blanc Dame,0.22,0.1845,0.1793826869,0.1793826869
France,Blanqueiro,0.58,,,
France,Blauer Portugieser,232.02,27.526,25.9493143,25.9493143
France,Boiziau,1.35,,,
France,Bouchales,108.24,95.3485,92.56022904,92.56022904
France,Bouillet,2.18,0.7588,0.7377538366,0.7377538366
France,Bourboulenc,771.96,581.7221,499,124.2403
France,Bousquet Precoce,15.9,5.6805,0.06813681256,0.06813681256
France,Braquet Noir,8.21,12.1742,11.87258598,11.87258598
France,Brun Argente,13.89,11.2262,10.92573644,10.92573644
France,Burdin,0.15,0.0725,0.0449471074,0.0449471074
France,Béquignol Noir,1.09,0.6852,0.1846347224,0.1846347224
France,Cabernet Franc,36094.17,36301.8334,32326.65185,28958.5309
France,Cabernet Malbec,34.12,,,
France,Cabernet Sauvignon,53413.43,54434.1595,46554.52211,47714.7627
France,Caladoc,1426.66,2463.6573,3062,3335.1635
France,Calitor Noir,84.89,26.3127,25.65384568,25.65384568
France,Camaralet de Lasseube,0.38,4.4502,4.326768745,4.326768745
France,Canner Seedless,,0.0563,0.05451042726,0.05451042726
France,Cardinal,,207.9253,202.2335905,202.2335905
France,Carignan Bouschet,15.52,1.456,1.409719043,1.409719043
France,Carla,,0.1083,0.1048575359,0.1048575359
France,Carmenère,4.74,29.1366,28.31591677,28.31591677
France,Castel,0.12,,,
France,Castets,0.05,0.032,0.01094658704,0.01094658704
France,Cep Rouge,0.1,,,
France,Cesar,8.28,10.3871,10.56112782,10.56112782
France,Chambourcin,229.14,725.3441,592.3883738,184.3504
France,Chardonnay,36497.15,45243.0365,47451.02066,64034.6554
France,Chasan,913.5,749.2136,549.4998621,39.9309
France,Chasselas,943.08,2362.1643,540.7588844,218.7518
France,Chasselas (R),11.11,88.4693,80.6121163,80.6121163
France,Chatus,15.12,65.3794,61.86986454,61.86986454
France,Chelois,,0.5492,0.558401421,0.558401421
France,Chenanson,635.83,465.7919,451.0414368,451.0414368
France,Chenin Blanc,9836.9,9824.5115,9431.556873,10489.2712
France,Chenivesse,1.48,,,
France,Cinsaut,31592.91,19505.1687,15929.71877,21799.9551
France,Clairette,3274.14,2561.2499,2042.238281,2000.7366
France,Clarin,10.94,5.9827,5.792756042,5.792756042
France,Claverie,3.45,0.7681,0.6538418492,0.6538418492
France,Codivarta,2.58,2.1859,1.342778296,1.342778296
France,Colobel,2.84,9.0585,7.634825181,7.634825181
France,Colombard,6895.54,8173.3543,8441.269619,12610.9286
France,Couderc Noir,314.45,206.7351,198.4943906,198.4943906
France,Counoise,637.92,407.9008,396.112049,396.112049
France,Courbu Blanc,47.43,43.391,32.402649,32.402649
France,Courbu Noir,1.56,1.3655,1.325251018,1.325251018
France,Crouchen,0.55,0.4276,0.4157400376,0.4157400376
France,Csaba Gyöngye,,0.5561,0.5305909075,0.5305909075
France,Côt,6129.34,6122.7744,6100.389102,7874.3186
France,Damaschino,1.4,,,
France,Danam,,0.2745,0.2676993028,0.2676993028
France,Danlas,,255.331,203.2255448,14.126
France,Danuta,,2.0401,1.975291887,1.975291887
France,Dattier de St. Vallier,,0.416,0.4027768693,0.4027768693
France,Delhro,,0.19,0.1839605893,0.1839605893
France,Dolcetto,0.34,,,
France,Douce Noire,0.71,0.2186,0.2068656548,0.2068656548
France,Duras,971.62,892.4597,785,816.9668
France,Durif,0.02,,,
France,Ederena,0.48,0.83,0.8069790252,0.8069790252
France,Egiodola,315.26,247.9025,225.8667486,225.8667486
France,Ekigaina,5.06,2.4841,2.374953843,2.374953843
France,Elbling,0.53,0.2739,0.1299641212,0.1299641212
France,Enfarine Noir,,0.039,0.02449602052,0.02449602052
France,Etraire de l'Adui,7.5,4.7859,4.528995138,4.528995138
France,Exalta,,3.6108,3.150797494,3.150797494
France,Fer,1277.84,1591.6756,1501.554117,1208.1881
France,Feunate,0.05,,,
France,Florental,0.6,25.5409,11.34970392,11.34970392
France,Folignan,,50.7629,51.04916645,51.04916645
France,Folle Blanche,2604.22,1728.3013,1553.979766,890.8187
France,Fontan,0.2,,,
France,Frühroter Veltliner,0.46,5.3189,5.033383948,5.033383948
France,Fuella Nera,3.91,20.1734,19.67360698,19.67360698
France,Gaillard,,0.08,0.02451748556,0.02451748556
France,Gamaret,,6.0067,5.705484858,33.4458
France,Gamay Noir,34537.39,29698.1686,24094.52878,21326.1292
France,Gamay Teinturier Freaux,76.56,48.5339,43.10042489,43.10042489
France,Gamay Teinturier de Bouze,308.4,268.1718,254.7182377,254.7182377
France,Gamay Teinturier de Chaudenay,266.63,157.2585,142.0103169,142.0103169
France,Ganson,28.4,3.2424,3.147394818,3.147394818
France,Garanoir,,0.1539,0.1456387203,0.1456387203
France,Garnacha Blanca,6460.55,5003.8682,5130.419319,6608.7277
France,Garnacha Peluda,564.09,407.2638,394.342007,394.342007
France,Garnacha Roja (Gris),2634.67,1635.4356,1253.420659,1054.4362
France,Garnacha Tinta,95717.32,90990.6097,78631.25372,87643.4344
France,Garonnet,6.6,14.2598,9.517272651,9.517272651
France,Gascon,0.02,0.9993,0.9606844794,0.9606844794
France,Genouillet,,,,6.0843
France,Gewürztraminer,2758.53,3168.2826,3320.222852,3280.6867
France,Goldriesling,0.04,,,
France,Gouget Noir,0.71,9.6885,3.314250268,3.314250268
France,Graciano,6.81,10.1134,10.0918114,10.0918114
France,Graisse,22.09,13.6509,1.156370749,1.156370749
France,Gramon,13.5,2.8547,2.77051607,2.77051607
France,Grand Noir,3.98,0.4136,0.4033531207,0.4033531207
France,Grassen,0.91,0.0675,0.06582769741,0.06582769741
France,Greco,0.55,,,
France,Gringet,74.11,25.2821,15.49210546,15.49210546
France,Grolleau Noir,3006.08,2759.0522,1949.007982,2576.4127
France,Gros Manseng,2159.54,2959.4766,3046.135141,3325.4585
France,Guillemot,0.1,,,
France,Gänsfüsser,,0.0412,0.01066604186,0.01066604186
France,Ignea,,0.731,0.7128895823,0.7128895823
France,Isa,,9.4929,4.606465468,4.606465468
France,Italia,,138.4062,75.14796918,75.14796918
France,Jacquere,1086.36,1013.311,620.9263028,821.3236
France,Jaoumet,,0.125,0.1210267035,0.1210267035
France,Joannes Seyve,2.52,0.8938,0.8690094611,0.8690094611
France,Joubertin,0.09,,,
France,Jurançon Blanc,23.71,7.0122,1.935595058,1.935595058
France,Jurançon Noir,1293.65,663.0424,605.2164105,138.3065
France,Jurie,0.03,,,
France,Knipperlé,2.01,0.1449,0.1504987455,0.1504987455
France,Königin der Weingärten,,0.137,0.1191573908,0.1191573908
France,Lacoste,1.05,,,
France,Landal,15.78,42.8701,37.15118388,37.15118388
France,Landot Noir,0.32,0.7735,0.5852113064,0.5852113064
France,Laska,1.07,,,
France,Lauzet,1.04,2.607,2.53469195,2.53469195
France,Len de l'El,733.97,629.4765,603,646.9734
France,Liliorila,2.59,3.527,1.219854752,1.219854752
France,Lival,,101.2131,98.50516687,98.50516687
France,Léon Millot,4.63,78.459,53.6483085,53.6483085
France,Macabeo,5222.99,2445.6396,1657.410556,1396.2199
France,Madeleine Royale,,0.338,0.3272562063,0.3272562063
France,Madeleines,,6.8843,6.696926288,6.696926288
France,Malegue,1.05,,,
France,Malingre Precoce,2.64,0.471,0.4374489305,0.4374489305
France,Maliverne,0.44,,,
France,Mammolo,639.12,789.7656,885,1497.2111
France,Manseng Noir,5.29,3.9156,3.789482608,4.8461
France,Marsanne,1198.18,1361.5171,1484.389824,1236.2783
France,Marselan,175.67,2598.8116,3662,6258.6362
France,Maréchal Foch,0.39,12.609,11.00565421,11.00565421
France,Mauzac Blanc,3310.19,1932.5551,1525.7547,1529.6148
France,Mauzac Noir,9.83,,,
France,Mazuelo,95745.09,47720.4956,31759.66226,30583.4205
France,Mazuelo (G),24.51,,,
France,Mazuelo (W),976.12,363.9613,352.5015624,32.0584
France,Mecle de Bourgoin,2.1,,,
France,Melon,13253.43,12304.5799,9549.605707,8593.0777
France,Menu Pineau,379.67,205.1965,197.3006734,148.6986
France,Merille,130.94,44.2979,42.19573052,42.19573052
France,Merlot,101308.78,114675.1798,108482.8444,116523.3354
France,Merlot Blanc,175.91,46.429,44.24833485,12.5689
France,Meslier Saint-Francois,54.6,15.0349,12.50875447,12.50875447
France,Milgranet,2.2,1.363,1.284927537,1.284927537
France,Mireille,,0.152,0.1482342223,0.1482342223
France,Molette,29.78,28.8072,17.65218002,17.65218002
France,Mollard,23.41,23.1946,22.61995719,22.61995719
France,Monastrell,7633.86,9257.4805,8754.212051,8187.9524
France,Monbadon,0.25,,,
France,Mondeuse Blanche,21.84,5.7283,3.569696998,11.317
France,Mondeuse Noire,215.01,295.8249,279.9451584,279.9451584
France,Monerac,1.5,3.1179,3.015421725,3.015421725
France,Montils,131.24,164.1957,165.1542253,165.1542253
France,Mornen Noir,0.89,,,
France,Morrastel Bouschet,0.75,,,
France,Mourvaison,8.81,2.7813,2.712393701,2.712393701
France,Mouyssagues,0.05,0.077,0.0533689929,0.0533689929
France,Muscadelle,2008.99,1565.9117,1412.394211,1453.8854
France,Muscardin,19.01,17.3141,16.86157881,16.86157881
France,Muscat Blanc à Petits Grains,6934.72,7671.3669,7333.009021,6738.892
France,Muscat Blanc à Petits Grains (R),235.87,428.0228,418.9422121,418.9422121
France,Muscat Ottonel,162.36,165.8235,172.1242348,172.1242348
France,Muscat of Alexandria,3027.15,2602.8959,2461.533518,1974.1615
France,Muscat of Hamburg,751.82,3441.0509,2324.571654,2453.1387
France,Müller-Thurgau,4.81,4.9661,2.392418985,2.392418985
France,Nebbiolo,,0.7325,0.7092164826,0.7092164826
France,Noir Fleurien,0.14,0.1747,0.05976152365,0.05976152365
France,Norton,0.25,,,
France,Noual,0.5,,,
France,Négrette,1319.42,1200.4266,1111.645606,400.042
France,Oberlin,0.14,64.1977,25.58500645,25.58500645
France,Oberlin White,0.9,,,
France,Odola,1.43,0.31,0.3014018046,0.3014018046
France,Oeillade Bousche,10.16,0.6764,0.6548996981,0.6548996981
France,Oeillade Noire,,18.2682,17.67109067,17.67109067
France,Ohanes,,14.9345,14.56336409,14.56336409
France,Olivette Blanche,,1.836,1.790513369,1.790513369
France,Olivette Noire,0.44,15.943,15.54563174,15.54563174
France,Ondenc,12.08,7.8454,0.5168149133,20.4685
France,Ora,,37.396,32.39605541,32.39605541
France,Palomino Fino,439.88,134.1953,41.23759212,41.23759212
France,Parraleta,10.53,1.9665,2.006101806,2.006101806
France,Pascal Blanc,0.15,0.029,0.02828152926,0.02828152926
France,Pascale,,0.1,0.1020138218,0.1020138218
France,Peloursin,0.49,,,
France,Perdea,13.28,2.4319,1.989032858,1.989032858
France,Perlaut,,1.1238,1.092285386,1.092285386
France,Perlette,,0.2803,0.271560104,0.271560104
France,Persan,2.88,9.0107,8.52700986,8.52700986
France,Petit Bouschet,0.55,,,
France,Petit Courbu,74.68,66.4048,1.120511169,1.120511169
France,Petit Manseng,612.62,1062.8998,1247.078018,470.0705
France,Petit Meslier,3.4,4.0566,2.823842365,32
France,Petit Verdot,401.03,896.4318,870.2806256,1451.9749
France,Picardan,,0.7922,0.7435769275,0.7435769275
France,Pineau d'Aunis,429.72,437.1472,413.3659231,347.2125
France,Pinot Blanc,1400.61,1279.5323,1180.694227,1346.2695
France,Pinot Gris,1969.04,2674.0354,2867.32239,2869.2616
France,Pinot Meunier,10621.44,11086.8833,12129.66283,20613
France,Pinot Noir,26525.97,30086.1353,31602.15071,43895.4752
France,Pinot Noir Précoce,1.32,,,
France,Piquepoul Blanc,975.49,1491.8051,1564.180767,2011.4537
France,Piquepoul Bousch,0.45,,,
France,Piquepoul Gris,9.4,1.5968,1.5478567,1.5478567
France,Piquepoul Noir,93.81,60.2871,58.42830893,58.42830893
France,Plant Droit,39.59,19.0794,18.57934331,18.57934331
France,Plantet,207.94,1059.6041,420.187217,231.4494
France,Portan,367.73,264.3114,255.6347484,255.6347484
France,Pougnet,0.37,,,
France,Poulsard,295.13,307.2249,90.25385707,90.25385707
France,Poulsard Blanc,13.61,0.025,0.01826581996,0.01826581996
France,Prima,,83.5348,81.15517377,81.15517377
France,Provareau,1.91,,,
France,Prunelard,2.19,20.459,19.28711114,19.28711114
France,Putzscheere,0.04,,,
France,Raffiat de Moncade,16.39,6.5674,6.385245844,6.385245844
France,Raisaine,1.12,,,
France,Ravat,0.88,0.719,0.6964116426,0.6964116426
France,Ravat Blanc,2.06,6.5251,6.080252654,6.080252654
France,Rayon d'Or,0.8,5.8451,5.599664362,1.2941
France,Ribol,,146.5879,140.9167995,140.9167995
France,Riesling,3407.39,3513.3265,4025.098003,3589.363
France,Romorantin,80.74,72.2891,69.48752069,69.48752069
France,Rose du Var,129.28,55.7604,54.37894427,54.37894427
France,Roublot,0.45,,,
France,Roussanne,759.5,1457.0853,1831.152722,2238.4354
France,Roussette d'Ayze,2.65,1.2608,0.7725800693,0.7725800693
France,Rubilande,2.62,7.717,6.755909739,6.755909739
France,Sacy,63.4,9.688,8.347122638,8.347122638
France,Saint Macaire,0.52,,,
France,Saint-Pierre Dore,0.5,0.391,0.2333891866,0.2333891866
France,Sangiovese,1563.94,1511.4289,1503,1667.0847
France,Sauvignon Blanc,20932.91,27930.5665,28084.01147,33953.3013
France,Sauvignon Blanc (G),63.12,553.0207,815.535067,294.1712
France,Savagnin Blanc,412.68,482.7806,484.4520725,484.4520725
France,Savagnin Rose,35.31,45.2596,47.00837143,47.00837143
France,Scimiscia,,0.267,0.164015648,0.164015648
France,Segalin,53.91,64.7201,60.98600274,53.1923
France,Seibel,2,0.8861,0.7268262252,0.7268262252
France,Seibel White,37.05,0.1062,0.06507614479,0.06507614479
France,Seinoir,14.64,86.9992,49.53349477,49.53349477
France,Select,7.58,7.0059,7.046798344,7.046798344
France,Semebat,2.24,1.6703,1.422144055,1.422144055
France,Servanin,0.27,,,
France,Servant,98.22,129.0093,124.9178596,124.9178596
France,Seyval Blanc,3.86,104.7099,105.5093042,105.5093042
France,Sicilien,,4.7655,4.647435437,4.647435437
France,Silvaner,1934.16,1345.9047,1027.499565,899.5444
France,Sulima,,0.054,0.02945579326,0.02945579326
France,Sultaniye,,1.3706,1.2606818,1.2606818
France,Syrah,50676.29,67382.441,62211.41505,69091.9938
France,Sémillon,14015.17,11565.863,10233.60086,10303.1479
France,Tannat,2760.26,2863.3607,2512.716673,2224.0634
France,Taylor,0.15,,,
France,Teinturier,1.49,,,
France,Tempranillo,1548.68,679.9975,658.4562315,658.4562315
France,Teoulier Noir,0.63,0.05,0.04876125734,0.04876125734
France,Terras 20,13.21,0.15,0.1458395829,0.1458395829
France,Terret,2703.23,1390.1386,872.0039009,867.3791
France,Terret Gris,261.83,78.2091,75.67727756,75.67727756
France,Terret Noir,369.73,143.3018,138.7648676,138.7648676
France,Tibouren,457.04,443.064,432.0871544,465.4637
France,Torbato,29.19,32.4884,31.45571164,31.45571164
France,Trebbiano Toscano,90341.39,83444.5966,78841.98187,106615.613
France,Tressot,0.21,0.3393,0.3449847089,0.3449847089
France,Tribidrag,1.49,1.5,1.452320442,1.452320442
France,Trousseau,126.2,171.9578,44.517211,44.517211
France,Valais Noir,4.04,,,
France,Valdiguié,79.06,133.8047,126.4747644,126.4747644
France,Valentino Nero,0.17,,,
France,Valerien,2.02,24.2357,22.50930158,22.50930158
France,Varousset,11.57,4.6947,4.533050619,4.533050619
France,Verdelho l'Anjou,,0.1554,0.1443302841,0.1443302841
France,Verdesse,3.52,2.6311,1.612258423,1.612258423
France,Vermentino,2634.37,3825.0508,4641.739613,8130.5016
France,Vidal,0.2,,,
France,Vidal Noir,0.42,,,
France,Villard Blanc,739.78,274.024,222.7287554,222.7287554
France,Villard Noir,600.7,1264.9697,762.7205285,322.9166
France,Viognier,2359.54,4822.588,8822.726229,6823.3287
France,other red,665.5427619,3761.53506,41277.60196,
France,other white,1238.447238,3023.482087,16588.81898,
Georgia,Aladasturi,46,59.0088,59.0088,
Georgia,Aleksandrouli,219,280.9332,280.9332,336
Georgia,Aligoté,97,124.4316,124.4316,
Georgia,Cabernet Franc,,,,36
Georgia,Cabernet Sauvignon,223,286.0644,286.0644,201
Georgia,Chardonnay,,,,113
Georgia,Chinuri,955,1225.074,1225.074,203
Georgia,Chkhaveri,20,25.656,25.656,84
Georgia,Dzelshavi Obchuri,,,,8
Georgia,Goruli Mtsvane,224,287.3472,287.3472,126
Georgia,Isabella,,,,31
Georgia,Khikhvi,5,6.414,6.414,314
Georgia,Kisi,20,25.656,25.656,764
Georgia,Krakhuna,36,46.1808,46.1808,57
Georgia,Merlot,,,,69
Georgia,Moldova,,,,8
Georgia,Moscato Rosa del Trentino,,,,93
Georgia,Mtsvane Kakhuri,249,319.4172,319.4172,1116
Georgia,Mujuretuli,,,,195
Georgia,Muscat,,,,36
Georgia,Ojaleshi,25,32.07,32.07,81
Georgia,Otskhanuri Sapere,5,6.414,6.414,40
Georgia,Pinot Blanc,171,219.3588,219.3588,
Georgia,Pinot Noir,,,,50
Georgia,Rachuli Mtsvane,,,,4
Georgia,Rkatsiteli,19741,25323.75,25323.75,18845
Georgia,Rkatsiteli Vardisperi,,,,17
Georgia,Saperavi,3704,4751.491,4751.491,17533
Georgia,Saperavi Budeshuriseburi,,,,37
Georgia,Sauvignon Blanc,,,,34
Georgia,Shavkapito,,,,109
Georgia,Syrah,,,,18
Georgia,Tavkveri,29,37.2012,37.2012,48
Georgia,Trebbiano Toscano,,,,92
Georgia,Tsitska,2839,3641.869,3641.869,253
Georgia,Tskhvedianis Tetra,,,,2
Georgia,Tsolikouri,6161,7903.331,7903.331,768
Georgia,Tsulukidzis Tetra,152,194.9856,194.9856,36
Georgia,Usakhelouri,8,10.2624,10.2624,43
Georgia,other,,,,6843
Georgia,other red,303.7872755,389.6983462,389.6983462,
Georgia,other white,2186.212725,2804.473654,2803.385454,
Germany,Accent,,,1,1
Germany,Acolon,,481,469,469
Germany,Albalonga,16,15,12,12
Germany,André,,5,5,
Germany,Arnsburger,3,,1,1
Germany,Auxerrois,77,190,213,213
Germany,Bacchus,3280,1976,1610,1614
Germany,Baron,,,1,1
Germany,Blauburger,,2,2,2
Germany,Blauer Portugieser,4877,4202,3177,2548
Germany,Blaufränkisch,1117,1749,1737,1859
Germany,Bronner,,3,4,4
Germany,Cabernet Carbon,,,10,10
Germany,Cabernet Carol,,,6,6
Germany,Cabernet Cortis,,,34,34
Germany,Cabernet Cubin,,60,59,59
Germany,Cabernet Dorio,,36,34,34
Germany,Cabernet Dorsa,,229,242,242
Germany,Cabernet Franc,,15,32,32
Germany,Cabernet Mitos,,320,308,308
Germany,Cabernet Sauvignon,,295,329,329
Germany,Chardonnay,530,1228,1485,2375
Germany,Chasselas,1198,1132,1046,1098
Germany,Dakapo,,38,53,53
Germany,Deckrot,29,2,12,12
Germany,Domina,185,406,374,374
Germany,Dornfelder,3766,8000,7761,7331
Germany,Dunkelfelder,281,327,265,265
Germany,Ehrenbreitsteiner,13,10,8,8
Germany,Ehrenfelser,254,84,49,49
Germany,Elbling,1042,565,489,489
Germany,Elbling (R),4,9,10,10
Germany,Faberrebe,1585,550,331,331
Germany,Fontanara,2,,1,1
Germany,Freisamer,16,4,1,1
Germany,Frühroter Veltliner,6,4,4,4
Germany,Gewürztraminer,,,824,1119
Germany,Goldriesling,10,21,24,24
Germany,Grüner Veltliner,,,14,14
Germany,Hegel,10,9,7,7
Germany,Helfensteiner,26,19,14,14
Germany,Helios,,,6,6
Germany,Heroldrebe,199,134,112,112
Germany,Hibernal,,,1,1
Germany,Huxelrebe,1291,613,462,462
Germany,Hölder,12,5,2,2
Germany,Johanniter,,75,92,92
Germany,Juwel,42,22,15,15
Germany,Kanzler,52,33,28,28
Germany,Kerner,6846,3602,2646,2220
Germany,Mariensteiner,9,,2,2
Germany,Merlot,,471,553,788
Germany,Merzling,5,,1,1
Germany,Monarch,,,8,8
Germany,Morio-Muskat,1165,487,362,362
Germany,Muscat Blanc à Petits Grains,86,190,240,240
Germany,Muscat Blanc à Petits Grains (R),,,5,5
Germany,Muscat Ottonel,7,,12,12
Germany,Muscat of Hamburg,,64,86,86
Germany,Müller-Thurgau,20691,13638,11664,11449
Germany,Neronet,,,6,6
Germany,Nobling,101,1,52,52
Germany,Optima,239,58,32,32
Germany,Orion,8,3,1,1
Germany,Ortega,1053,620,482,482
Germany,Osteiner,3,,,
Germany,Palas,,,7,7
Germany,Perle,122,33,18,18
Germany,Phoenix,24,46,46,46
Germany,Pinot Blanc,2388,3939,4323,5915
Germany,Pinot Gris,2635,4514,4887,7347
Germany,Pinot Meunier,2289,2301,2002,1738
Germany,Pinot Noir,8637,11724,11184,11637
Germany,Pinot Noir Précoce,79,254,250,250
Germany,Piroso,,,4,4
Germany,Prinzipal,,,2,2
Germany,Prior,,,13,13
Germany,Reberger,,,2,2
Germany,Regent,324,2117,1902,1718
Germany,Regner,151,42,21,21
Germany,Reichensteiner,252,99,58,58
Germany,Rieslaner,70,84,73,73
Germany,Riesling,22349,22429,21540,24150
Germany,Rondo,,,9,9
Germany,Rotberger,26,16,10,10
Germany,Rubinet,,,15,15
Germany,Sankt Laurent,184,657,633,592
Germany,Saphira,,,8,8
Germany,Sauvignon Blanc,,518,736,1648
Germany,Savagnin Rose,848,839,,
Germany,Scheurebe,3125,1655,1266,1419
Germany,Schiava Grossa,2529,2431,2197,2040
Germany,Schönburger,37,19,12,12
Germany,Septimer,,,1,1
Germany,Siegerrebe,168,101,80,80
Germany,Silcher,8,,1,1
Germany,Silvaner,6860,5186,4627,4581
Germany,Silvaner (R),2,38,25,25
Germany,Sirius,2,,,
Germany,Solaris,,61,91,91
Germany,Staufer,4,,,
Germany,Syrah,,,46,46
Germany,Tauberschwarz,7,11,16,16
Germany,Teinturier,,,1,1
Germany,Würzer,107,65,53,53
Germany,Zalagyöngye,,,1,1
Germany,Zweigelt,38,102,108,108
Germany,other red,558.7905824,316.334827,80,
Germany,other white,273.2094176,535.6787497,225,
Greece,Agiorgitiko,2319.54,2905.3,3269.999353,3151
Greece,Alicante Henri Bouschet,20.75,56.4,60.17036431,
Greece,Asirtiko Red,21.7,4.8,5.107185597,
Greece,Asprouda,433.01,112.7,120.0239949,
Greece,Assyrtiko,1106.2,902,1770,2153
Greece,Athiri,1350.12,747.5,577.2953037,572
Greece,Batili,26.63,,,
Greece,Batily,38.36,54.1,1.09424183,
Greece,Cabernet Franc,39.94,22.6,9.501845013,
Greece,Cabernet Sauvignon,687.55,1549.8,1929,1844
Greece,Chardonnay,36.13,586.2,673.4272875,751
Greece,Cinsaut,108.06,42.6,4.436556854,
Greece,Debina,454.89,238.8,14.17949494,
Greece,Dimyat,91.43,9,5.813340364,
Greece,Fokiano,162.42,262.4,211.7885506,1071
Greece,Fokiano (W),57.37,,,
Greece,Garnacha Roja (Gris),0.74,645,114.2873808,
Greece,Garnacha Tinta,21.96,,,
Greece,Goustolidi,112.4,68,18.66743725,
Greece,Kakotrygis,,103.3,28.35803336,
Greece,Kotsifali,1147.71,2330.4,1338,1296
Greece,Krassato,38.45,51.8,4.52193675,
Greece,Liatiko,2476.23,1210.9,2633.399441,2577
Greece,Liatiko (W),69.71,,,
Greece,Limnio,94.9,372,176.039251,
Greece,Limnio (W),27.48,,,
Greece,Malagousia,22.8,182.4,125.6869945,753
Greece,Mandilaria,845.26,884.6,932,887
Greece,Mavro Messenikola,3.19,,,
Greece,Mavrodafni,536.94,344.7,324.272194,535
Greece,Mavrouda,349.08,520.1,1658.490598,1617
Greece,Mazuelo,13.62,16.2,0.5768076713,
Greece,Merlot,183.37,1248.1,1393,1599
Greece,Monemvassia,418.35,480.7,81.48279232,
Greece,Moschofilero,717.51,1111.2,1087.613227,1824
Greece,Moschomavro,2294.92,1427.7,112.7975968,
Greece,Muscat Blanc à Petits Grains,2232.03,2161.8,1568.438076,1688
Greece,Muscat of Alexandria,,,773,879
Greece,Muscat of Hamburg,,,2288,2433
Greece,Negoska,96.13,142.5,16.88806903,
Greece,Pamid,15.12,22.3,23.16320401,
Greece,Razaki,,,,902
Greece,Refosco dal Peduncolo Rosso,,5.3,5.012176865,
Greece,Riesling,,1.5,1.290903079,
Greece,Robola,359.15,470.6,152.0420409,
Greece,Roditis,299.05,4668.3,8463.454658,9060
Greece,Roditis (R),6944.89,3826.1,827.9761719,
Greece,Romeiko,382.39,1597,1131,1141
Greece,Sauvignon Blanc,158.23,256.3,727.4706902,995
Greece,Savatiano,12746.95,9919.6,10267.65054,10336
Greece,Silvaner,,0.3,0.2581806158,
Greece,Stavroto,104.16,11,0.2224890968,
Greece,Syrah,38.75,641.2,1042,1155
Greece,Sémillon,21.13,8.1,11.00444714,
Greece,Tempranillo,,18.9,21.66169984,
Greece,Thrapsathiri,,31.2,26.85078404,
Greece,Trebbiano Toscano,745.62,298.4,210.8745307,
Greece,Verdeca,,0.3,0.3222978954,
Greece,Vertzami,491.36,239.1,60.12813202,
Greece,Vilana,506.35,579,650.0045556,568
Greece,Vilana (R),59.78,,,
Greece,Xinomavro,1815.62,1970.9,2134.503045,2167
Greece,Xinomavro (W),2.75,,,
Greece,other red,4396.48,6011.9,704.5230331,
Greece,other white,3170.59,3016.7,1056.229065,
Hungary,Acolon,,5.3654,5.25,0.7
Hungary,Agasfark,,,0.048,0.048
Hungary,Aletta,,722.9594,1676.0987,2041.1684
Hungary,Alicante Henri Bouschet,,21.2118,13.9428,9.3104
Hungary,Aligoté,,0.1981,0.1981,0.1981
Hungary,Andor,,,0.584,0.5548
Hungary,Arany Sárfehér,2913.739,1133.1561,586.2266,156.8748
Hungary,Augster Blau,,,0.096,0.096
Hungary,Augster Weiss,,0.6171,0.6774,0.4046
Hungary,Bacchus,,0.3,0.3,0.27
Hungary,Backa,,,,29.2352
Hungary,Bakator Kék,,2.5556,2.3841,2.3841
Hungary,Bakator Roz,,1.9087,1.497,1.3174
Hungary,Barbera,,,,0.904
Hungary,Bequignol Gris,,2.6887,2.151,2.6186
Hungary,Bianca,,2922.3804,4897.9567,5472.9144
Hungary,Blauburger,,435.359,452.6146,423.5856
Hungary,Blauer Portugieser,1254.527,1216.4959,1023.23385,693.7751
Hungary,Blaufränkisch,6920.13,7997.8302,7260.1911,6811.2534
Hungary,Borsmenta,,,1,2.3767
Hungary,Bouvier,,9.5817,7.4804,3.2578
Hungary,Budai Zöld,,6.1511,5.9627,5.4452
Hungary,Bácska,,,7.1715,
Hungary,Bíborkadarka,202.343,135.7295,109.3473,61.5357
Hungary,Cabernet Cortis,,,,0.1155
Hungary,Cabernet Dorsa,,0.84,1.84,2.0506
Hungary,Cabernet Franc,526.0918,1352.4088,1367.57914,1347.0414
Hungary,Cabernet Mitos,,2,1.2,1.3
Hungary,Cabernet Sauvignon,1052.184,2863.1955,2676.61373,2034.3481
Hungary,Carmenère,,0.4551,0.4551,0.4551
Hungary,Chardonnay,2954.208,2756.7498,2463.65938,1911.1134
Hungary,Chasselas,1902.024,1891.8041,1159.4819,594.2778
Hungary,Chenin Blanc,,5.545,5.8996,6.471
Hungary,Csaba Gyöngye,,88.7911,63.4381,30.7565
Hungary,Cserszegi Fűszeres,2185.304,3608.7158,4299.48605,3566.9788
Hungary,Csillám,,19.7394,24.95,17.8357
Hungary,Csomorika,,0.4682,0.4682,0.6044
Hungary,Csókaszőlő,,2.2414,1.54745,3.0405
Hungary,Côt,,0.1878,2.667,15.9701
Hungary,Domina,,0.5947,0.5947,
Hungary,Dornfelder,,23.3606,28.6113,31.5711
Hungary,Duna Gyöngye,,,,39.3779
Hungary,Duna Gyöngye,,63.0462,45.3962,
Hungary,Ezerfürtű,404.686,377.3548,263.637,101.9723
Hungary,Ezerjó,3156.551,1073.8868,635.5292,309.7195
Hungary,Favorit,,,0.3007,0.3477
Hungary,Fetească Albă,971.2464,,,
Hungary,Fetească Neagră,,,0.564,1.8101
Hungary,Fetească Regală,566.5604,,,
Hungary,Frühroter Veltliner,,10.3445,10.3926,2.9727
Hungary,Furmint,3480.3,4164.6621,3861.97893,3313.5564
Hungary,Gamay Noir,,3.055,3.055,3.055
Hungary,Generosa,,103.1899,324.7094,803.8261
Hungary,Gesztus,,0.2854,0.2854,0.2854
Hungary,Gewürztraminer,,,693.8635,690.1187
Hungary,Goldburger,,0.2667,0.2667,
Hungary,Grasă de Cotnari,,45.4901,48.6933,40.5334
Hungary,Graševina,6677.319,4664.3638,3932.53872,2966.9729
Hungary,Grüner Veltliner,1335.464,1532.7043,1380.6714,1218.9504
Hungary,Gyöngyrizling,,23.4553,15.5199,10.1348
Hungary,Göcseji Zamatos,,15.2888,9.6231,4.8689
Hungary,Hajnalka,,,0.047,
Hungary,Hamvas,,,0.2273,0.2273
Hungary,Heuréka,,,0.1848,0.1848
Hungary,Hibernal,,,,1.3111
Hungary,Hárslevelű,1011.715,1659.3993,1602.86668,1313.3115
Hungary,Irsai Olivér,,1089.904,1530.74893,2198.7817
Hungary,Jardovany Fekete,,,0.064,0.8222
Hungary,Jubileum 75,,194.4953,91.3413,27.0261
Hungary,Jubiläumsrebe,,0.4268,0.4268,
Hungary,Juhfark,,186.1048,195.1915,140.2483
Hungary,Jádorvány,,,0.3096,0.3058
Hungary,Jázmin,,,1.8899,4.8247
Hungary,K.35,,0.1848,,
Hungary,Kabar,,18.1336,30.2567,35.7041
Hungary,Kadarka,1011.715,531.5801,351.4345,231.7364
Hungary,Karát,,50.4764,43.5244,35.9206
Hungary,Kerner,,1.6098,1.6098,0.228
Hungary,Királyleányka,,855.0491,783.5474,799.3001
Hungary,Kocsis Irma,,10.7377,2.2599,1.2739
Hungary,Korai Bibor,,,,0.025
Hungary,Korona,,0.5775,0.9195,0.7935
Hungary,Kozma CS. 2,,0.076,,
Hungary,Kozmopoliten,,,0.1901,0.1901
Hungary,Kreaca,,2.8565,1.8946,1.1652
Hungary,Kunbarát,,8.6193,0.3992,
Hungary,Kunleány,1375.932,1210.6067,974.377,559.624
Hungary,Kurucvér,,0.1671,0.1144,
Hungary,Kármin,,36.2014,23.7659,2.8847
Hungary,Kéknyelű,,42.5247,49.5317,45.1943
Hungary,Kövidinka,1214.058,1019.564,657.7143,447.8291
Hungary,Lakhegyi Mézes,566.5604,305.7106,145.3446,56.3591
Hungary,Laska,,,0.0504,0.9096
Hungary,Leányka,,837.8175,718.6232,453.7019
Hungary,Magyarfrankos,,0.3988,0.2877,0.2877
Hungary,Marselan,,1.7439,1.7439,1.7439
Hungary,Medina,,151.0534,123.7173,100.6529
Hungary,Menoir,,65.3538,60.7731,50.2308
Hungary,Merlot,485.6232,1907.4606,1960.99423,2045.8832
Hungary,Messiás,,,,0.466
Hungary,Meszi Kadarka,,,0.4794,4.6682
Hungary,Moscato Giallo,,,,16.6972
Hungary,Muscaris,,,,0.3734
Hungary,Muscat Blanc à Petits Grains,1537.807,708.9395,762.2935,833.523
Hungary,Muscat Ottonel,1416.401,1231.8854,1256.351,1047.4458
Hungary,Muscat of Hamburg,,12.1394,11.5555,11.9028
Hungary,Mátrai Muskotály,,66.7269,49.4507,11.8051
Hungary,Mézes Fehér,,2.3356,0.5856,0.6606
Hungary,Müller-Thurgau,3277.957,2098.1158,1669.6458,1047.8015
Hungary,Nektár,,21.2419,22.3465,16.7811
Hungary,Nero d'Avola,,50.4916,86.2769,118.5854
Hungary,Nosztori Rizling,,0.6209,0.191,0.013
Hungary,Odessky Cherny,,6.9957,8.0376,11.1943
Hungary,Odysseus,,4.4393,25.2084,21.181
Hungary,Oraniensteiner,,1,,
Hungary,Orpheus,,0.325,1.5468,1.1468
Hungary,Palatina,,5.9377,3.1876,1.4958
Hungary,Pamid,121.4058,82.4036,31.97256,7.0391
Hungary,Pannon Frankos,,15.97,12.1139,9.2499
Hungary,Panonia,,,8.2001,25.3454
Hungary,Pecsi Szagos,,1.0524,0.7635,1.1835
Hungary,Pelso,,0.668,0.6767,0.3967
Hungary,Petit Verdot,,3.886,3.886,4.851
Hungary,Pinot Blanc,,237.2394,228.4965,201.6749
Hungary,Pinot Gris,890.3092,1623.9871,1594.1315,1639.4962
Hungary,Pinot Meunier,,,,0.547
Hungary,Pinot Noir,242.8116,1090.8604,1092.30403,1081.4306
Hungary,Pinot Noir Précoce,,,0.07,0.07
Hungary,Pinot Regina,,,,4.4336
Hungary,Pozsonyi Fehér,,10.362,9.5687,6.9305
Hungary,Purcsin,,,0.3011,0.3011
Hungary,Pátria,,2.9166,4.7964,4.816
Hungary,Pölöskei Muskotály,,102.8935,124.1487,121.177
Hungary,Refrén,,0.3939,0.3939,0.3939
Hungary,Regent,,2.73,4.2204,0.7513
Hungary,Riesling,1618.744,1303.7192,1261.00045,1018.6212
Hungary,Roter Veltliner,,5.4856,,0.6151
Hungary,Rozala Bianca,,1.5235,2.0663,2.2928
Hungary,Rubintos,,18.1469,13.482,5.3908
Hungary,Rózsakő,,18.5626,17.455,14.7371
Hungary,Rösler,,,1.102,0.4
Hungary,Sagrantino,,0.9613,1.4141,2.2775
Hungary,Sangiovese,,0.5643,1.0943,2.3325
Hungary,Sankt Laurent,,1.3803,1.4004,1.3214
Hungary,Sauvignon Blanc,323.7488,907.461,982.43045,869.6659
Hungary,Savagnin Blanc,,772.0288,,
Hungary,Savagnin Rose,,,0.5951,0.3126
Hungary,Scheurebe,,0.1264,,
Hungary,Silvaner,1618.744,7.6047,6.9734,2.3422
Hungary,Solaris,,,0.2411,1.4117
Hungary,Somszoekoe Kék,,,0.048,0.1485
Hungary,Sremska Zelenika,,0.3881,0.095,0.135
Hungary,Sylver,,,,0.4493
Hungary,Syrah,,176.9771,215.0282,337.5448
Hungary,Sárfehér,,,1.8704,2.1026
Hungary,Sémillon,,57.5806,42.8376,20.6408
Hungary,Tannat,,1.4389,1.43,2.2132
Hungary,Taurus,,,0.3,0.03
Hungary,Tempranillo,,,,1.76
Hungary,Tihanyi Kék,,,0.048,0.1352
Hungary,Tribidrag,,,,0.47
Hungary,Trilla,,1.1,1.1,1.1
Hungary,Turán,,175.1361,180.9757,155.7244
Hungary,Táltos,,1.0356,0.5404,0.2
Hungary,Vertes Csillaga,,21.2977,11.427,5.7816
Hungary,Viktor,,0.18,,0.8138
Hungary,Viktória Gyöngye,,190.3597,197.8199,164.4638
Hungary,Villard Blanc,,192.0246,199.0672,216.5025
Hungary,Viognier,,6.0746,13.4018,14.4828
Hungary,Vranac,,,0.1359,
Hungary,Vulcanus,,4.6625,5.3953,6.0419
Hungary,Zalagyöngye,2549.522,1754.8582,1064.5541,457.9797
Hungary,Zalan,,,,0.407
Hungary,Zefír,,49.3487,14.6166,7.3342
Hungary,Zengő,,264.4731,225.7329,141.2357
Hungary,Zenit,404.686,558.9737,639.4372,634.8818
Hungary,Zeusz,,27.5101,27.4942,28.0744
Hungary,Zierfandler,,31.9583,23.0069,15.6214
Hungary,Zweigelt,2266.242,2050.4417,1687.1294,1186.2853
Hungary,Zéta,,118.3665,117.5623,109.0508
Hungary,other,,,,0.356
Hungary,other red,6856.233,372.5226,132.72909,
Hungary,other white,21593.19,3736.3146,1037.6688,514.8621
Hungary,Úrréti,,0.11,0.3268,0.08
India,Cabernet Sauvignon,,,100,120
India,Chardonnay,,,100,120
India,Muscat of Alexandria,,,100,120
India,Pinot Noir,,,100,120
India,Sauvignon Blanc,,,500,600
India,Sultaniye,,,1000,1200
India,Syrah,,,500,600
India,Trebbiano Toscano,,,300,360
Israel,Argaman,202.343,202.343,275,357.5
Israel,Cabernet Franc,,,110,143
Israel,Cabernet Sauvignon,607.029,607.029,990,1287
Israel,Chardonnay,141.6401,141.6401,165,214.5
Israel,Chenin Blanc,101.1715,101.1715,,
Israel,Colombard,485.6232,485.6232,220,286
Israel,Côt,,,110,143
Israel,Durif,,,110,143
Israel,Emerald Riesling,343.9831,343.9831,110,143
Israel,Mazuelo,971.2464,971.2464,935,1215.5
Israel,Merlot,647.4976,647.4976,715,929.5
Israel,Monastrell,,,55,71.5
Israel,Muscat of Alexandria,202.343,202.343,220,286
Israel,Petit Verdot,,,275,357.5
Israel,Sauvignon Blanc,263.0459,263.0459,110,143
Israel,Syrah,,,385,500.5
Israel,Tempranillo,,,55,71.5
Israel,other red,542.114062,542.114062,132.7272727,172.5454559
Israel,other white,343.338906,343.338906,27.27272727,35.45454407
Italy,Abbuoto,696.33,37.06,18.49882444,
Italy,Abrusco,398.87,423.05,213.4629233,
Italy,Afus Ali,1509.49,320.91,41.25423101,
Italy,Aglianico,9264.44,9910.42,9627.109588,9578
Italy,Aglianicone,148.35,62.43,30.26329016,
Italy,Albana,2487.22,1522.75,782.0390841,1035
Italy,Albanello,116.6,17.71,2.071440568,
Italy,Albaranzeuli Bianco,72.25,6.86,2.427009586,
Italy,Albaranzeuli Nero,39.81,49.45,27.51050419,
Italy,Albarola,4089.9,196.71,95.2553017,
Italy,Albarossa,4.76,80.05,69.56793754,
Italy,Aleatico,444.53,332.5,149.0265593,
Italy,Alicante Henri Bouschet,510.22,645.29,285.9107267,7066
Italy,Alionza,40.68,10.59,8.565098826,
Italy,Ancellotta,4389.43,4342.78,1699.99141,5185
Italy,Arneis,737.76,969.89,1108.238273,1229
Italy,Arvesiniadu,146.51,29.91,12.58953387,
Italy,Arvine,4.26,18.67,14.12692568,
Italy,Avana,52.55,27.52,18.46134123,
Italy,Avarengo,1452.99,987.25,153.1932588,
Italy,Baratuciat,,1.7,1.74725054,
Italy,Barbera,27175.37,20523.88,15006.39198,17235
Italy,Barbera Bianca,251.26,180.98,114.2983455,
Italy,Barbera Sarda,325.85,83.93,69.71796098,
Italy,Barsaglina,20.31,17.06,8.50639387,
Italy,Bellone,1315.23,511.18,184.027758,
Italy,Biancame,1329.68,2599.08,1336.040726,602
Italy,Bianchetta Trevigiana,53.33,13.44,11.56805635,
Italy,Bianco d'Alessano,941.05,419.24,38.28281647,
Italy,Biancolella,385.34,163.61,22.62091281,
Italy,Biancone di Portoferraio,67,77.76,30.6787529,
Italy,Blauer Portugieser,93.75,167.17,51.18453044,
Italy,Blauer Wildbacher,8.19,2.62,2.851498265,
Italy,Blaufränkisch,111.26,58.95,27.70517407,
Italy,Bombino Bianco,2893.33,1229.03,1137.765552,962
Italy,Bombino Nero,1155.58,1200.91,865.3389188,358
Italy,Bonamico,82.68,26.33,12.22174197,
Italy,Bonarda Grande,538.04,,,
Italy,Bonarda Piemontese,23.44,5.96,5926.387399,4306
Italy,Bonda,2.87,6.85,7.437155484,
Italy,Bosco,87.54,81.86,49.6467414,
Italy,Bracciola Nera,88.8,26.07,3.603993174,
Italy,Brachetto del Piemonte,1534.22,1459.81,1691.888734,1212
Italy,Bric,20.87,2.27,1.420108821,
Italy,Bronner,,5.98,1.654559648,
Italy,Bussanello,7.74,11.97,3.05433326,
Italy,Cabernet Franc,6639.08,6313.68,5589.631729,4125
Italy,Cabernet Sauvignon,7682.07,13724.48,14240.37558,13896
Italy,Caddiu,977.5,308.88,83.46825194,
Italy,Caloria,128.58,108.02,45.3520588,
Italy,Canaiolo Nero,2417.72,1068.37,1031.130947,799
Italy,Capolongo,,5.07,0.4917363977,
Italy,Carica l'Asino,298.97,17.42,5.4649242,
Italy,Carmenère,42.66,1073.59,634.5686667,
Italy,Carricante,252.06,204.59,34.83568583,
Italy,Casavecchia,,135.79,86.44831185,
Italy,Casetta,,12.49,13.56550599,
Italy,Castiglione,83.3,18.31,4.371620379,
Italy,Catalanesca,,53.72,6.853640343,
Italy,Catanese Nero,75.85,14.73,6.865452147,
Italy,Catarratto Bianco,50710.7,34794.24,28563.01795,31125
Italy,Cavrara,,23.1,1.440171847,
Italy,Cellerina,,1.6,1.600343718,
Italy,Centesimino,,23.82,25.01876037,
Italy,Cesanese,1024.28,679.37,445.8705833,
Italy,Chardonnay,11686.99,19709.4,19768.68496,23135
Italy,Chasselas,21.83,33.53,11.4369199,
Italy,Chatus,,13.31,9.000628429,
Italy,Chenin Blanc,,45.12,7.041584404,
Italy,Cianorie,,2.45,1.324628121,
Italy,Ciliegiolo,2526.92,1829.95,896.5052908,1465
Italy,Cinsaut,274.17,51.2,4.055294787,
Italy,Cividin,,4.13,4.232942384,
Italy,Clairette,146.99,183.02,25.01271504,
Italy,Cococciola,886.87,982.74,1670.747755,1467
Italy,Coda di Volpe Bianca,979.69,586.47,76.75748118,
Italy,Colombana Nera,126.39,38.1,16.48264931,
Italy,Corbina Vicentina,,12.26,12.25285238,
Italy,Cordenossa,,5.16,1.736188881,
Italy,Cornalin,1.21,11.29,9.105278871,
Italy,Cornarea,21.66,13.25,8.094011281,
Italy,Cortese,3113.45,2952.6,2404.984576,3363
Italy,Corvina Veronese,4780.86,7476.97,6221.695561,7343
Italy,Corvinone,88.36,929.26,1140.062148,
Italy,Cove,55.67,6.48,6.102007295,
Italy,Croatina,3115.62,5684.23,2678.254129,
Italy,Crovassa,1.52,0.25,0.2647359458,
Italy,Côt,251.38,260.36,178.2131436,
Italy,Damaschino,379.79,220.91,52.33118512,
Italy,Dindarella,8.57,6.88,5.020045046,
Italy,Diolinoir,6.38,2.32,2.113095299,
Italy,Dolcetto,7155.78,6128.38,4381.245366,4144
Italy,Dolciame,6.38,10.54,6.004900262,
Italy,Douce Noire,2642.41,820.91,629.8802298,
Italy,Doux d'Henry,26.41,9.4,6.114635452,
Italy,Drupeggio,617.43,286.11,81.03157392,
Italy,Durella,599.34,469.54,480.1086483,
Italy,Enantio,1062.08,724.45,177.731505,
Italy,Erbaluce,328.8,319.4,315.710767,
Italy,Erbamat,,24.17,1.535345072,
Italy,Ervi,5.33,4.23,3.399156473,
Italy,Falanghina,1658.45,3037.4,322.7635984,
Italy,Falanghina Flegrea,,,3634,5353
Italy,Fenile,,5.46,0.8125444749,
Italy,Fertilia,13.33,3.39,2.039528784,
Italy,Fiano,758.18,1376.84,2086.694834,2596
Italy,Flavis,12.08,3.12,2.643942973,
Italy,Fogarina,,5.13,2.958107367,
Italy,Foglia Tonda,40.06,101.49,68.3320423,
Italy,Forastera,98.13,56.45,8.381301107,
Italy,Forgiarin,1.67,4,2.790993617,
Italy,Forsellina,9.38,7.18,6.591313796,
Italy,Fortana,1251.96,642.4,469.4409752,
Italy,Francavidda,85.58,12.7,1.551336276,
Italy,Frappato,783.8,752.33,579.7581894,821
Italy,Freisa,1415.42,1041.24,514.0000295,849
Italy,Fubiano,2.33,9.19,2.37063345,
Italy,Fumin,73.18,31.36,25.05267972,
Italy,Gaglioppo,3591.64,4213.67,4625.733615,3674
Italy,Gamaret,10.82,19.89,10.1156753,
Italy,Gamay Noir,151.85,122.15,63.89000802,
Italy,Gamba Rossa,,0.61,0.4778697038,
Italy,Garanoir,25.84,13.19,3.933200572,
Italy,Garganega,16548.97,15375.03,8521.626574,13359
Italy,Garnacha Tinta,6780.87,6372.24,5420.939931,
Italy,Gewürztraminer,540.84,1408.42,1320.970161,1338
Italy,Ginestra,,3.75,0.5057867884,
Italy,Giro Nero,537.49,199.73,136.2291822,
Italy,Goldtraminer,,9.08,4.853849479,
Italy,Gosen,,1.31,0.09053438416,
Italy,Graciano,884.35,469.33,436.6042215,
Italy,Grapariol,,2.18,2.330211314,
Italy,Graševina,2006.92,1568.23,1258.842356,
Italy,Grechetto Rosso,110.86,48.92,34.9166403,
Italy,Grechetto di Orvieto,1176.88,1501.31,1823.583824,2091
Italy,Greco,1324.35,157.91,20.38149998,2391
Italy,Greco Bianco,660.2,1604.03,2050.352527,
Italy,Greco Nero,2715.45,826.61,80.36268639,
Italy,Grignolino,1327.63,915.05,911.2411827,773
Italy,Grillo,1803.41,6294.51,7381.541687,9482
Italy,Groppello Gentile,218.77,326.4,78.2282549,
Italy,Groppello di Mocasina,119.55,80.99,24.25078306,
Italy,Groppello di Revo,,12.19,11.84050595,
Italy,Grüner Veltliner,129.38,164.92,55.02174349,
Italy,Guardavalle,167.6,33.47,15.80056508,
Italy,Hrvatica,244.61,115.69,53.17092649,
Italy,Impigno,60.1,7.03,1.703223385,
Italy,Incrocio Bianco Fedit 51,11.16,4.74,0.8217108431,
Italy,Incrocio Bruni 54,12.34,12.19,3.473164188,
Italy,Incrocio Manzoni 2.15,165.83,85.83,71.69290512,
Italy,Incrocio Terzi 1,65.48,43.54,12.10238076,
Italy,Invernenga,31.56,6.51,4.931713567,
Italy,Inzolia,9259.16,6132.51,4740.058042,5846
Italy,Italica,178.09,367.44,47.30324901,
Italy,Kerner,25.44,82.73,16.02438448,
Italy,Korinthiaki,55.82,50.19,17.07086617,
Italy,Königin der Weingärten,183.74,61.04,8.842323959,
Italy,Lacrima di Morro d'Alba,651.66,420.71,252.0495223,
Italy,Lagarino Bianco,,22.74,5.590860733,
Italy,Lagrein,470.98,653.5,227.2976638,617
Italy,Lambrusca di Alessandria,888.36,137.21,58.47752628,
Italy,Lambrusco Barghi,,18.32,2.681195336,
Italy,Lambrusco Grasparossa,1719.6,2725.94,943.4136559,2261
Italy,Lambrusco Maestri,1361.63,2222.68,5609.518489,5544
Italy,Lambrusco Marani,2279.89,1393.57,1074.195104,617
Italy,Lambrusco Montericco,261.64,70.18,25.4850627,
Italy,Lambrusco Oliva,,111.52,104.2020207,
Italy,Lambrusco Salamino,4146.86,5002.82,6227.639677,5363
Italy,Lambrusco Viadanese,277.05,240.44,58.82402434,
Italy,Lambrusco di Sorbara,1409.39,1605.73,857.6179957,1469
Italy,Lecinaro,,0.66,0.4428303404,
Italy,Lumassina,110.68,97.6,36.74324429,
Italy,Maceratino,121.81,176.63,38.64171378,
Italy,Magliocco Canino,578.74,538.6,679.0152387,2789
Italy,Magliocco Dolce,243.29,86.64,51.29500406,
Italy,Maiolica,70.4,26.07,12.69315666,
Italy,Maiolina,,1.48,0.3855504624,
Italy,Malbo Gentile,106,210.51,218.5407516,
Italy,Malvasia Bianca Lunga,3937.25,2258.76,1247.285536,1775
Italy,Malvasia Bianca di Basilicata,874.84,210.04,31.92782744,
Italy,Malvasia Bianca di Candia,11921.05,9230.77,9027.58705,9814
Italy,Malvasia Nera Lunga,,38.35,13.85813024,
Italy,Malvasia Nera di Basilicata,753.8,114.09,39.16120696,
Italy,Malvasia Nera di Brindisi,2825.98,1281.13,1247.22198,1170
Italy,Malvasia del Lazio,2365.62,590.46,679.7877682,976
Italy,Malvasia di Candia Aromatica,1754.01,926.59,1087.236221,952
Italy,Malvasia di Casorzo,97.55,107.25,98.65802596,
Italy,Malvasia di Lipari,494.48,167.21,106.3414695,
Italy,Malvasia di Schierano,180.5,88.89,82.11418735,
Italy,Malvazija Istarska,424.7,296.1,272.3519235,
Italy,Mammolo,137.68,51.69,26.27796867,
Italy,Manzoni Bianco,8289.55,382.22,338.7528322,611
Italy,Manzoni Moscato,,19.79,19.26957892,
Italy,Manzoni Rosa,,29.2,22.55938625,
Italy,Marsanne,48.58,55.11,47.49944192,
Italy,Marzemina Bianca,78.2,54.17,54.56500199,
Italy,Marzemino,994.1,1089.53,784.9382727,1399
Italy,Maturana Blanca,,9.6,2.299783638,
Italy,Mayolet,3.87,7.3,5.750153286,
Italy,Mazuelo,1720.62,2022.7,1686.189215,2177
Italy,Mazzese,79.82,75.96,57.23168095,
Italy,Melara,12.94,2.81,1.499820046,
Italy,Merlese,,14.49,7.731329632,
Italy,Merlot,21861.43,28041.7,24057.01569,26360
Italy,Minella Bianca,72.91,65.25,19.15857276,
Italy,Molinara,1300.77,594.64,604.6896471,828
Italy,Mondeuse Noire,,3.82,0.761334258,
Italy,Monica Nera,2834.92,1403.57,1202.958902,1759
Italy,Montepulciano,28679.23,34824.27,32724.02457,30699
Italy,Montonico Bianco,646.66,734.42,567.3182464,
Italy,Montu,1091.25,,,
Italy,Moradella,,5.77,1.371876832,
Italy,Morone,21.95,12.85,7.27606551,
Italy,Moscatello Selvatico,105.26,34.75,4.948646546,
Italy,Moscato Giallo,344.9,1126.99,1108.192698,1016
Italy,Moscato Rosa del Trentino,93.14,66.33,38.62113731,
Italy,Moscato di Scanzo,72.61,53.18,9.50018231,
Italy,Moscato di Terracina,229.31,138.43,22.16642393,
Italy,Mostosa,94.87,23.79,15.64821738,
Italy,Muscat Blanc à Petits Grains,13015.51,11506.38,13334.13383,14791
Italy,Muscat Ottonel,,0.16,0.006262866421,
Italy,Muscat of Alexandria,1157.25,1520.74,1374.670838,2343
Italy,Muscat of Hamburg,198.86,73.23,22.03164074,
Italy,Müller-Thurgau,996.08,1312.28,1296.125573,1636
Italy,Nascetta,,21.08,17.01532253,
Italy,Nasco,166.06,141.4,91.09752696,
Italy,Nebbiera,19.58,12.15,8.681644713,
Italy,Nebbiolo,4777.95,5535.93,7551.288209,6950
Italy,Negretto,279.88,75.49,35.18045011,
Italy,Negroamaro,16618.87,11491.6,11430.73275,10850
Italy,Ner d'Ala,7.77,30.13,10.0209123,
Italy,Nerello Cappuccio,1501.13,508.06,124.8313716,752
Italy,Nerello Mascalese,4167.18,2883.32,1804.959298,2990
Italy,Neretta Cuneese,373.92,131.56,119.4600206,
Italy,Neretto di Bairo,52.51,33.95,18.57259318,
Italy,Nero Buono di Cori,113.78,134.84,57.89418934,
Italy,Nero d'Avola,11318.14,16595.01,14128.54259,19972
Italy,Nero di Troia,1765.38,2572.48,2512.305743,1586
Italy,Neyret,75.82,40.91,12.45917891,
Italy,Nieddera,58.19,106.73,90.7572609,
Italy,Nigra,7.17,2.5,1.097648284,
Italy,Nocera,26.94,14.78,5.034297715,
Italy,Nosiola,191.31,79.26,64.71267859,
Italy,Notardomenico,13.13,9.66,9.215427715,
Italy,Nuragus,3185.85,1345.32,1008.26545,1355
Italy,Orpicchio,,0.5,0.02048325831,
Italy,Ortrugo,485.02,610.89,709.3251647,677
Italy,Oseleta,,14.74,16.04239864,
Italy,Pallagrello Bianco,,54.52,5.595038157,
Italy,Pallagrello Nero,,169.27,106.6046277,
Italy,Pampanaro,,4.58,0.7532000259,
Italy,Pampanuto,277.45,355.73,32.50386235,
Italy,Paolina,,1.4,0.1204639096,
Italy,Parraleta,140.69,119.18,95.62466017,
Italy,Pascale,1572.78,375.14,289.1508982,
Italy,Passau,11.97,5.17,3.419855537,
Italy,Passerina,715.33,894.21,932.5459051,2030
Italy,Pavana,68.55,31.98,19.78456799,
Italy,Pecorello,16.38,33.75,9.187294872,
Italy,Pecorino,86.51,1113.72,1627.999856,2881
Italy,Pelaverga,27.54,54.78,46.10084743,
Italy,Pelaverga Piccolo,23.72,5.78,5.677895931,
Italy,Pepella,,2.91,0.2004343439,
Italy,Perera,24.72,3.8,1.883022723,
Italy,Perla dei Vivi,,0.74,0.5769553187,
Italy,Perricone,579.63,228.44,79.71584499,
Italy,Persan,,3,2.824238093,
Italy,Petit Manseng,,20.64,4.33352319,
Italy,Petit Rouge,100.33,83.88,68.16482741,
Italy,Petit Verdot,60.78,658.65,295.6231734,1181
Italy,Piccola Nera,17.19,17.19,5.54505655,
Italy,Picolit,92.85,127.57,121.0670702,
Italy,Piculit Neri,126.17,21.73,8.197034894,
Italy,Piedirosso,896.14,698.61,592.6404345,1123
Italy,Pignola Valtellinese,69.94,48.56,27.78282838,
Italy,Pignoletto,6009.44,1707.25,1174.124104,2330
Italy,Pignolo,18.43,93.41,50.16143049,
Italy,Pinella,66.21,71.59,66.22884776,
Italy,Pinot Blanc,4993.07,3085.63,2337.442677,2770
Italy,Pinot Gris,6608.43,17281,18820.71197,30283
Italy,Pinot Meunier,9.81,14.09,5.178495886,
Italy,Pinot Noir,3287,5045.59,5056.789555,10568
Italy,Plassa,40.74,91.18,85.67976376,
Italy,Pollera Nera,19.23,54.37,32.29683838,
Italy,Prie,35.78,33.3,23.86775369,
Italy,Primetta,17.25,23.63,14.40881694,
Italy,Prodest,2.39,,,
Italy,Prosecco,7498.01,18254.52,19730.41107,41336
Italy,Prosecco Lungo,,1366.68,1450.157959,
Italy,Prunesta,92.45,36.18,30.87567397,
Italy,Pugnitello,,28.46,14.72390798,
Italy,Quagliano,8.27,9.14,9.018994095,
Italy,Raboso Piave,1269.73,727.67,640.667072,783
Italy,Raboso Veronese,306.55,276.87,295.4710266,
Italy,Rambella,,6.08,6.347682668,
Italy,Rebo,37.01,118.97,85.48049495,
Italy,Recantina,,9.38,4.052703464,
Italy,Refosco dal Peduncolo Rosso,710.59,1075.81,1267.00075,1058
Italy,Refosco di Faedis,255.66,217.44,184.6196333,
Italy,Regent,,6.72,0.8819777463,
Italy,Retagliado Bianco,25.83,28.35,10.99332104,
Italy,Ribolla Gialla,279.84,435.32,362.0649186,1451
Italy,Riesling,599.37,446.27,1460.758358,632
Italy,Ripolo,,1.15,1.112300841,
Italy,Rollo,117.4,50.55,15.094385,
Italy,Rondinella,2797.26,2479.28,2683.03875,2784
Italy,Rosciola,,2.34,1.065762292,
Italy,Rossara Trentina,28.92,7.77,6.154119855,
Italy,Rossese,232.09,311.74,163.924887,
Italy,Rossese Bianco,,7.41,5.117548804,
Italy,Rossignola,294.72,188.01,48.78200346,
Italy,Rossola Nera,102.46,86.17,28.5593539,
Italy,Roussanne,93.52,110.15,12.05930333,
Italy,Roussin,2.74,3.05,1.549636363,
Italy,Roviello Bianco,,1.5,0.7021740056,
Italy,Ruche,45.78,99.66,99.65201792,
Italy,Ruggine,,1.45,0.8554089673,
Italy,Sagrantino,351.33,994.19,997.5788892,1096
Italy,San Giuseppe Nero,347.76,191.6,82.14740878,
Italy,San Lunardo,21.75,9.55,3.738480897,
Italy,San Martino,44.21,20.56,6.148058489,
Italy,San Michele,120.19,56.74,36.75115466,
Italy,Sanforte,,0.52,0.1205792512,
Italy,Sangiovese,62760.84,71619.28,68428.22933,62848
Italy,Santa Maria,14.72,2.88,1.646746626,
Italy,Sauvignon Blanc,3312.46,3744,3934.872019,4317
Italy,Sauvignonasse,4517.06,2911.45,2503.421061,2545
Italy,Schiava,1230.67,516.64,235.9646329,
Italy,Schiava Gentile,1158.41,693.9,164.9091574,
Italy,Schiava Grigia,78.72,65.91,3.87183529,
Italy,Schiava Grossa,1258.71,579.9,58.22394307,
Italy,Schiava Lombarda,,0.1,701.0553915,
Italy,Schioppettino,93.28,153.81,87.24424624,
Italy,Sciaglin,3.65,6.3,3.378301898,
Italy,Sciascinoso,252.81,93.5,59.37207169,
Italy,Scimiscia,,4.97,1.425420495,
Italy,Semidano,48.33,36.43,33.63186796,
Italy,Sennen,,10.13,2.261781588,
Italy,Sgavetta,60.65,46.74,26.18275537,
Italy,Silvaner,111.69,80.4,17.7449622,
Italy,Sirio,22.71,13.74,5.240110629,
Italy,Soperga,31.83,22.49,16.5668773,
Italy,Spergola,,110.06,114.7724769,
Italy,Susumaniello,61.85,49.64,8.029546685,
Italy,Syrah,1025.2,6738.77,7693.380791,8254
Italy,Sémillon,7.7,30.95,12.91026193,
Italy,Tannat,43.85,55.11,15.32402098,
Italy,Tazzelenghe,67.66,54.91,45.4074414,
Italy,Tempranillo,6.76,23.03,8.601545838,
Italy,Termarina Rossa,,20.14,2.376779692,
Italy,Teroldego,681.6,796.34,730.3098771,1210
Italy,Terrano,193.55,272.16,209.2675974,
Italy,Timorasso,18.54,129.3,122.5724688,
Italy,Tintilia del Molise,,111.11,65.97933804,
Italy,Torbato,138.95,19.48,14.76781529,
Italy,Trebbianina,,128.18,29.77078762,
Italy,Trebbiano Giallo,3983.9,10663.62,2274.777083,733
Italy,Trebbiano Modenese,583.49,362.52,287.3447424,
Italy,Trebbiano Romagnolo,19491.75,15893.47,19059.45242,15319
Italy,Trebbiano Spoletino,241.63,200,121.1525282,
Italy,Trebbiano Toscano,39447.01,22702.44,35440.88753,36840
Italy,Trebbiano d'Abruzzo,8435.13,5090.58,2629.999769,2560
Italy,Trevisana Nera,33.3,15.44,11.40971248,
Italy,Tribidrag,7828.31,12233.59,13896.21333,14035
Italy,Tronto,,1.62,1.038144644,
Italy,Turchetta,,3.01,2.450622827,
Italy,Ucelut,10.43,9.67,9.556988489,
Italy,Uva Longanesi,,512.47,538.6310704,
Italy,Uva Rara,570.3,459.69,196.5351406,
Italy,Uva Tosca,83.54,70.65,29.06471271,
Italy,Uva del Fantini,,0.15,0.01036653254,
Italy,Uva del Tunde,,1.56,1.552057513,
Italy,Uvalino,,1.35,1.350290012,
Italy,Valentino Nero,56.23,20.52,20.29977647,
Italy,Vega,27.23,34.71,26.91772901,
Italy,Verdea,107.28,83.48,38.64002548,
Italy,Verdeca,2208.38,795.45,912.1888567,623
Italy,Verdello,661.72,287.25,179.4113031,
Italy,Verdesse,4.58,7.35,1.361147712,
Italy,Verdicchio Bianco,5042.84,3526.13,4673.653743,4693
Italy,Verdiso,71.14,67.57,52.17624293,
Italy,Verduschia,14.61,11.44,8.636175009,
Italy,Verduzzo Friulano,1591.95,807.8,687.2644871,742
Italy,Verduzzo Trevigiano,1657.32,708.48,531.0297906,675
Italy,Vermentino,3200.73,5045.71,6702.978709,9856
Italy,Vermentino Nero,143.24,209.84,123.7645211,
Italy,Vernaccia di Oristano,565.35,271.88,245.6903298,
Italy,Vernaccia di San Gimignano,854.14,522.07,884.0998535,1301
Italy,Veruccese,,0.36,0.2076206271,
Italy,Vespaiola,104.55,94.47,90.45917718,
Italy,Vespolina,103.37,134.28,87.56962962,
Italy,Vien de Nus,25.4,12.61,8.691721401,
Italy,Viognier,26.66,1210.25,1826.70404,2567
Italy,Vitovska,41.97,49.8,50.61688521,
Italy,Vuillermin,0.09,4.19,2.861407543,
Italy,Zweigelt,,36.96,4.494004746,
Italy,other,,,,12782
Italy,other red,9102.99,15494.57,14081.02357,1352
Italy,other white,8022.83,6659.76,21858.6565,14584
Japan,Acolon,,,,1.6
Japan,Adirondac,,,24.04620694,
Japan,Alicante Henri Bouschet,,,,0.6
Japan,Alvarinho,,,,1
Japan,Amurensis,,,,2.1
Japan,Armonoir,,,,1.2
Japan,Bacchus,,,,15.5
Japan,Bijou Noir,,,,6.5
Japan,Black Queen,,469.3,28.37971258,35.5
Japan,Blaufränkisch,,,,6.1
Japan,Buffalo,,,,3.7
Japan,Cabernet Franc,,,,12.9
Japan,Cabernet Sauvignon,,469.3,41.51020605,60.7
Japan,Campbell Early,,60.9,237.6584416,63.9
Japan,Cascade,,,21.91666667,
Japan,Chardonnay,,601.6,137.269133,239.9
Japan,Concord,,,292.3311014,120.3
Japan,Delaware,,51.4,254.2484878,430.1
Japan,Dornfelder,,,,5.1
Japan,Gewürztraminer,,,,16
Japan,Kai Noir,,,,1.1
Japan,Kerner,,357.2,76.084503,65.1
Japan,Kiyomai,,,,20.9
Japan,Koshu,,168.3,690.2902336,497.6
Japan,Kyoho (4N),,,62.06462372,36.8
Japan,Lambrusco Salamino,,,,0.6
Japan,Merlot,,816.7,197.0999908,225.1
Japan,Mondeuse Noire,,,,1
Japan,Muscat Bailey A,,102.7,521.3882775,222
Japan,Muscat Ottonel,,,,2.3
Japan,Müller-Thurgau,,171.5,21.9335066,25.6
Japan,New York Muscat,,,,2
Japan,Niagara,,128,551.1700623,175.1
Japan,Norton,,,,0.6
Japan,Petit Manseng,,,,3
Japan,Petit Verdot,,,,8.9
Japan,Pinot Blanc,,,,22.5
Japan,Pinot Gris,,,,21.1
Japan,Pinot Meunier,,,,0.5
Japan,Pinot Noir,,63.5,20.44444444,90
Japan,Pione (4N),,,,11.1
Japan,Portland,,12.4,39.009475,12.2
Japan,Red Millennium,,,1.573355293,1.3
Japan,Regent,,,,6
Japan,Reichensteiner,,,,4.6
Japan,Riesling,,11.3,21.83297627,20.4
Japan,Riesling Forte,,,2.45450909,1
Japan,Rondeau,,,,12.2
Japan,Rose Ciotat,,,1.935046165,0.8
Japan,Ryugan,,,27.28403037,14.4
Japan,Sangiovese,,,,0.8
Japan,Sauvignon Blanc,,,14.75312954,56.7
Japan,Schönburger,,,,2.4
Japan,Semillon,,,,1.1
Japan,Shinano Riesling,,,,2
Japan,Shine Muscat,,,,88.9
Japan,Silvaner Rot,,,,0.7
Japan,Steuben,,,,10.6
Japan,Syrah,,,,12.1
Japan,Sémillon,,,,2.7
Japan,Verdelet,,,39.24928376,
Japan,Yama Sauvignon,,,23.99199256,53
Japan,Yamabudo,,,35.0445574,105.6
Japan,Yamasachi,,,19.97222222,34.7
Japan,Zweigelt,,230.9,58.63904144,49.3
Japan,other,,,,3517.3
Japan,other red,,,183.0051871,
Japan,other white,,,222.0296049,
Kazakhstan,Aligoté,,276.58424,276.58424,276.584235
Kazakhstan,Bayanshira,,645.12367,645.12367,645.1236974
Kazakhstan,Cabernet Franc,,56.4606,56.4606,56.46060103
Kazakhstan,Cabernet Sauvignon,,19.61121,19.61121,19.61121066
Kazakhstan,Kuldzhinskii,,385.4409,385.4409,385.4408914
Kazakhstan,Madrasa,,27.944,27.944,27.94399974
Kazakhstan,Maiskii Chernyi,,109.77661,109.77661,109.7766113
Kazakhstan,Muscat Blanc à Petits Grains (R),,254.55735,254.55735,254.5573512
Kazakhstan,Pinot Noir,,179.83632,179.83632,179.836323
Kazakhstan,Riesling,,110.87557,110.87557,110.8755674
Kazakhstan,Rkatsiteli,,3552.2704,3552.2704,3552.270477
Kazakhstan,Rubinovy Magaracha,,0.15364,0.15364,0.153639999
Kazakhstan,Ruby,,9.22906,9.22906,9.22906023
Kazakhstan,Saperavi,,427.9319,427.9319,427.931896
Kazakhstan,other red,,113.2052236,113.2052236,113.2052239
Kazakhstan,other white,,769.1977864,769.1977864,769.1977768
"Korea, Rep.",Delaware,100,100,100,75
"Korea, Rep.",Kyoho (4N),2700,2700,2700,2025
"Korea, Rep.",Muscat Bailey A,1300,1300,1300,975
"Korea, Rep.",Sheridan,500,500,500,375
"Korea, Rep.",other red,800,800,800,600
Lebanon,Cabernet Sauvignon,,,1000,1000
Lebanon,Chardonnay,,,1000,1000
Lebanon,Merlot,,,500,500
Lebanon,Sauvignon Blanc,,,500,500
Lebanon,Syrah,,,300,300
Lebanon,other red,,,381.8181818,381.8181763
Lebanon,other white,,,318.1818182,318.1818237
Lithuania,Cabernet Cantor,,,,2.01
Lithuania,Cabernet Cortis,,,,0.89
Lithuania,Chardonnay,,,,1.18
Lithuania,Frontenac (W),,,,2.77
Lithuania,Hibernal,,,,0.44
Lithuania,Johanniter,,,,1.1
Lithuania,Juodupe,,,,1.13
Lithuania,La Crescent,,,,1.33
Lithuania,Léon Millot,,,,5.29
Lithuania,Marquette,,,,7.52
Lithuania,Maréchal Foch,,,,5.56
Lithuania,Muscaris,,,,0.99
Lithuania,Osceola,,,,0.53
Lithuania,Pinot Noir,,,,2.02
Lithuania,Ravat Blanc,,,,1.23
Lithuania,Rondo,,,,0.51
Lithuania,Sabrevois,,,,0.42
Lithuania,Sauvitage,,,,0.47
Lithuania,Seyval Blanc,,,,3.62
Lithuania,Solaris,,,,16.42
Lithuania,Souvignier Gris,,,,7.88
Lithuania,St Croix,,,,0.45
Lithuania,St Pepin,,,,7.99
Lithuania,Villaris,,,,2.67
Lithuania,Zilga,,,,0.49
Lithuania,other,,,,25.09
Luxembourg,Auxerrois,169,183,190,182.552002
Luxembourg,Chardonnay,8,16,30,28.8239994
Luxembourg,Elbling,164,370,86,82.62879944
Luxembourg,Gamay Noir,1,98,,
Luxembourg,Gewürztraminer,12,20,21,20.17679977
Luxembourg,Muscat Blanc à Petits Grains,,,1,0.9607999921
Luxembourg,Müller-Thurgau,459,184,316,303.612793
Luxembourg,Pinot Blanc,138,162,160,153.7279968
Luxembourg,Pinot Gris,155,146,196,188.316803
Luxembourg,Pinot Noir,66,3,121,116.2567978
Luxembourg,Riesling,175,121,162,155.6495972
Luxembourg,Sankt Laurent,,,4,3.843199968
Luxembourg,Silvaner,1,,,
Luxembourg,other red,,0.08729472774,1.489459212,1.431072354
Luxembourg,other white,,0.9127052723,11.51054079,11.05932713
Mexico,Cabernet Sauvignon,,756,756,945
Mexico,Cardinal,,168,168,210
Mexico,Chenin Blanc,,275,275,343.75
Mexico,Durif,,133,133,166.25
Mexico,Fiesta,,230,230,287.5
Mexico,Garnacha Tinta,,140,140,175
Mexico,Jacquez,,80,80,100
Mexico,Mazuelo,,448,448,560
Mexico,Merlot,,391,391,488.75
Mexico,Muscat Blanc à Petits Grains,,246,246,307.5
Mexico,Nebbiolo,,180,180,225
Mexico,Palomino Fino,,109,109,136.25
Mexico,Salvador,,350,350,437.5
Mexico,Sauvignon Blanc,,120,120,150
Mexico,Sultaniye,,841,841,1051.25
Mexico,Syrah,,145,145,181.25
Mexico,Tempranillo,,229,229,286.25
Mexico,other red,,513.9151407,513.9151407,642.3939209
Mexico,other white,,110.0848593,110.0848593,137.6060791
Missing 9,Adakarası,48.01380427,,,
Missing 9,Albillo Mayor,4.888678253,,,
Missing 9,Alicante Henri Bouschet,340.6221492,,,
Missing 9,Aligoté,6916.1572,,,
Missing 9,Alphonse Lavallée,12.57088694,,,
Missing 9,Ar110,0.6983826075,,,
Missing 9,Ar99,3.491913038,,,
Missing 9,Bastardo Magarachsky,929.128221,,,
Missing 9,Bayanshira,450.5414957,,,
Missing 9,Black Queen,339.6212342,,,
Missing 9,Blaufränkisch,202.5309562,,,
Missing 9,Boğazkere,772.5857596,,,
Missing 9,Cabernet Franc,408.9998474,,,
Missing 9,Cabernet Sauvignon,20373.27205,,,
Missing 9,Campbell Early,42.5315008,,,
Missing 9,Cardinal,154.3425563,,,
Missing 9,Carmenère,944.8187831,,,
Missing 9,Chaouch Blanc,1.745956519,,,
Missing 9,Chardonnay,3120.190724,,,
Missing 9,Chenin Blanc,210.0754159,,,
Missing 9,Cinsaut,351.379569,,,
Missing 9,Colombard,7.772209249,,,
Missing 9,Crimson Seedless,1.396765215,,,
Missing 9,Crystal,1.396765215,,,
Missing 9,Côt,15.88820432,,,
Missing 9,Delaware,35.89686603,,,
Missing 9,Dimrit,602.354999,,,
Missing 9,Dornfelder,1.300078333,,,
Missing 9,Durif,92.8848868,,,
Missing 9,Ekim Kara,18.57697736,,,
Missing 9,Emir,480.1380427,,,
Missing 9,Fiesta,160.6279997,,,
Missing 9,Flame Seedless,29.33206952,,,
Missing 9,Gamay Noir,144.0414128,,,
Missing 9,Garnacha Roja (Gris),3.956759295,,,
Missing 9,Garnacha Tinta,129.084383,,,
Missing 9,Gewürztraminer,674.8936727,,,
Missing 9,Imperial Seedless,0.6983826075,,,
Missing 9,Isabella,1673.464404,,,
Missing 9,Italia,706.0648162,,,
Missing 9,Jacquez,55.8706086,,,
Missing 9,Kalecik Karası,601.0455316,,,
Missing 9,Karalahna,2.618934778,,,
Missing 9,Karasakiz,2.618934778,,,
Missing 9,Kerner,249.4622674,,,
Missing 9,Kokur Bely,641.3247485,,,
Missing 9,Koshu,117.5377928,,,
Missing 9,Kuldzhinskii,269.2049152,,,
Missing 9,Madrasa,19.52097415,,,
Missing 9,Maiskii Chernyi,76.72005313,,,
Missing 9,Malaga Blanc,11.30502656,,,
Missing 9,Mazuelo,374.4448188,,,
Missing 9,Merlot,5548.696608,,,
Missing 9,Monastrell,3.055423908,,,
Missing 9,Muscat Bailey A,71.72389379,,,
Missing 9,Muscat Blanc à Petits Grains,981.2427666,,,
Missing 9,Muscat Blanc à Petits Grains (R),177.7921072,,,
Missing 9,Müller-Thurgau,119.7726172,,,
Missing 9,Narince,536.8816295,,,
Missing 9,Nebbiolo,125.7088694,,,
Missing 9,Negramoll,874.3750246,,,
Missing 9,Niagara,89.39297376,,,
Missing 9,Odessky Cherny,1694.485721,,,
Missing 9,Palomino Fino,76.12370422,,,
Missing 9,Papazkarası,122.2169563,,,
Missing 9,Pecorino,79.61561726,,,
Missing 9,Pedro Ximénez,0.6983826075,,,
Missing 9,Perlette,0.6983826075,,,
Missing 9,Pervenets Magaracha,448.9203401,,,
Missing 9,Petit Verdot,8.331704508,,,
Missing 9,Pinot Blanc,237.5897631,,,
Missing 9,Pinot Gris,480.0682044,,,
Missing 9,Pinot Noir,741.3858273,,,
Missing 9,Podarok Magaracha,148.0571128,,,
Missing 9,Portland,8.659944333,,,
Missing 9,Quebranta,230.4662605,,,
Missing 9,Red Globe,167.6118258,,,
Missing 9,Riesling,2279.073657,,,
Missing 9,Rkatsiteli,10548.84301,,,
Missing 9,Rosa Arica,0.6983826075,,,
Missing 9,Rubinovy Magaracha,0.1075090186,,,
Missing 9,Ruby,6.443585225,,,
Missing 9,Ruby Cabernet,27.9353043,,,
Missing 9,Salvador,244.4339126,,,
Missing 9,Sangiovese,7.580501128,,,
Missing 9,Saperavi,1356.290661,,,
Missing 9,Sauvignon Blanc,2382.824422,,,
Missing 9,Sukholimansky Bely,1031.790464,,,
Missing 9,Sultaniye,1819.985075,,,
Missing 9,Superior Seedless,6.285443468,,,
Missing 9,Syrah,1277.611477,,,
Missing 9,Sémillon,382.3935769,,,
Missing 9,Tempranillo,171.3447898,,,
Missing 9,Tilki Kuyrugu,171.5926067,,,
Missing 9,Torrontés Riojano,5.58706086,,,
Missing 9,Vasilaki,2.618934778,,,
Missing 9,Viognier,11.7443933,,,
Missing 9,Zweigelt,161.2565441,,,
Missing 9,other red,516.216437,,,
Missing 9,other white,535.7018331,,,
Missing 9,Çalkarası,436.4891297,,,
Missing 9,Öküzgözü,1032.733281,,,
Moldova,Afus Ali,,,47.52501794,47.52501678
Moldova,Alb de Ialoveni,2,2,,
Moldova,Alb de Suruceni,,,780.3977655,780.3977661
Moldova,Aligoté,15790,15790,7765.348126,7765.348145
Moldova,Apiren Alb,,,1.382336032,1.38233602
Moldova,Apiren Roz,,,0.4123914176,0.4123914242
Moldova,Arkadia,,,303.1076919,303.1076965
Moldova,Augustovski,,,0.298777582,0.2987775803
Moldova,Bastardo Magarachsky,1040,1040,180.0088538,180.0088501
Moldova,Bianca,15,15,1340.019724,1340.019775
Moldova,Băbească Neagră,80,80,,
Moldova,Cabernet Franc,,,756.1235819,756.1235962
Moldova,Cabernet Sauvignon,7590,7590,8168.761989,8168.762207
Moldova,Cardinal,,,473.3793658,473.379364
Moldova,Chardonnay,5134,5134,4133.078132,4133.078125
Moldova,Chasselas,,,329.3945519,329.3945618
Moldova,Chasselas (R),,,2.591673864,2.591673851
Moldova,Coarnă Neagră,,,9.609132421,9.609132767
Moldova,Concord,,,8.941058325,8.941058159
Moldova,Csaba Gyöngye,,,109.9810795,109.9810791
Moldova,Côt,39,39,162.3119009,162.3119049
Moldova,Droujba,3,3,,
Moldova,Dunav,,,11.20591199,11.20591164
Moldova,Favorit,,,2.558476355,2.558476448
Moldova,Fetească Albă,4334,4334,953.9941389,953.9941406
Moldova,Fetească Neagră,,,402.3088598,402.3088684
Moldova,Fetească Regală,,,371.6698271,371.6698303
Moldova,Floricica,,,13.65427984,13.65427971
Moldova,Frumoasa Alba,,,8.312367609,8.312367439
Moldova,Gamay Teinturier Freaux,55,55,35.91970486,35.91970444
Moldova,Gamay Teinturier de Bouze,10,10,,
Moldova,Gewürztraminer,2731,2731,1098.633212,1098.633179
Moldova,Golubok,50,50,,
Moldova,Guzun,,,2.706937265,2.706937313
Moldova,Hibernal,,,18.86690735,18.86690712
Moldova,Ilichevskii Rannii,5,5,,
Moldova,Irsai Olivér,,,180.4433081,180.4433136
Moldova,Isabella,11401,11401,3467.777161,3467.7771
Moldova,Italia,,,117.7525958,117.752594
Moldova,Kishmish Luchistyi,,,54.91692791,54.91692734
Moldova,Kishmish Moldavskii,,,27.59599649,27.59599686
Moldova,Kodrinskii,5,5,228.7444467,228.7444458
Moldova,Kodryanka,,,1143.321389,1143.321411
Moldova,Kuban,,,32.20447058,32.20447159
Moldova,Königin der Weingärten,,,61.46590981,61.46590805
Moldova,Lora,,,34.94439916,34.94440079
Moldova,Lyana,,,41.46904997,41.46905136
Moldova,Magaracha Rannii,,,884.1018353,884.1018066
Moldova,Mechta,,,18.7640157,18.7640152
Moldova,Mergeritar,,,0.2061957088,0.2061957121
Moldova,Merlot,8123,8123,7688.72312,7688.723145
Moldova,Moldova,,,12374.51023,12374.50977
Moldova,Muscat Blanc à Petits Grains,172,172,50.43485178,50.4348526
Moldova,Muscat Ottonel,1520,1520,1858.618633,1858.618652
Moldova,Muscat Timpuriu de Bucuresti,,,14.58154194,14.58154202
Moldova,Muscat Yantarnyi,,,683.464338,683.4643555
Moldova,Muscat de Bugeac,,,1.591006089,1.591006041
Moldova,Muscat of Hamburg,,,253.7918643,253.7918701
Moldova,Muskat Zhemchuzhnyi,,,1.440483222,1.440483212
Moldova,Muskat de Yaloven,20,20,3.183661744,3.183661699
Moldova,Müller-Thurgau,173,173,3.68884123,3.688841343
Moldova,Negru de Yaloven,15,15,141.2902484,141.2902527
Moldova,Noah,71,71,199.949216,199.9492188
Moldova,Onitskanskii Belyi,5,5,423.738986,423.7389832
Moldova,Original,,,4.836732741,4.836732864
Moldova,Osennii Ciornai,,,8.114625924,8.114625931
Moldova,Pamyati Negrulya,,,123.1262622,123.1262589
Moldova,Pervenets Magaracha,,,517.3567865,517.3568115
Moldova,Pervomaisky,64,64,,
Moldova,Pinot Blanc,350,350,209.6305169,209.6305237
Moldova,Pinot Gris,2042,2042,1207.644759,1207.644775
Moldova,Pinot Meunier,,,137.8995661,137.8995667
Moldova,Pinot Noir,6521,6521,2365.883583,2365.883545
Moldova,Podarok Zaporozju,,,31.03657809,31.03657722
Moldova,Prezentabil,,,215.1103741,215.1103668
Moldova,Pölöskei Muskotály,,,82.63231171,82.63230896
Moldova,Riesling,1343,1343,1700.952528,1700.952515
Moldova,Riton,2,2,313.1685991,313.1686096
Moldova,Rkatsiteli,11508,11508,3897.815426,3897.81543
Moldova,Romulus,,,1.035927241,1.035927296
Moldova,Rubin Tairovsky,2,2,5.216132845,5.216132641
Moldova,Saperavi,716,716,572.5063032,572.5062866
Moldova,Saperavi Severny,25,25,,
Moldova,Sauvignon Blanc,8151,8151,6909.16354,6909.163574
Moldova,Silvaner,98,98,11.48716294,11.48716259
Moldova,Sukholimansky Bely,599,599,325.2609465,325.2609558
Moldova,Syrah,,,86.95499855,86.95500183
Moldova,Sémillon,,,3.154588149,3.154588223
Moldova,Trebbiano Toscano,,,277.2095109,277.2095032
Moldova,Victoria,,,565.0805771,565.0805664
Moldova,Viognier,,,31.40360645,31.40360641
Moldova,Viorika,40,40,250.7442917,250.7442932
Moldova,Vostorg,,,17.23218778,17.23218727
Moldova,Yalovenskii Ustoichivyi,,,128.8999482,128.8999481
Moldova,Yubilei Zhuravlya,,,1.242741537,1.242741585
Moldova,other red,,,2664.608023,2664.60791
Moldova,other white,,,2448.372367,2448.372314
Morocco,Abbou,2375,2375,,
Morocco,Airén,,,439.75,167.1049957
Morocco,Alicante Henri Bouschet,1098,1098,919.0775,349.2494507
Morocco,Beba,3488,3488,,
Morocco,Cabernet Sauvignon,,,604.2165,229.6022644
Morocco,Cardinal,,,624.445,237.289093
Morocco,Chardonnay,,,879.5,334.2099915
Morocco,Cinsaut,3940,3940,3239.1985,1230.895386
Morocco,Clairette,,,113.4555,43.11309052
Morocco,Doukkali,16557,16557,,
Morocco,Garnacha Tinta,802,802,786.273,298.7837524
Morocco,Italia,,,3333.305,1266.655884
Morocco,Mazuelo,1692,1692,1230.4205,467.5597839
Morocco,Merlot,,,333.3305,126.6655884
Morocco,Muscat of Alexandria,3669,3669,2093.21,795.4197998
Morocco,Sauvignon Blanc,,,439.75,167.1049957
Morocco,Sultaniye,,,721.19,274.0521851
Morocco,Syrah,,,346.523,131.6787415
Morocco,other red,14235.24012,13700.71705,746.0998801,283.5179443
Morocco,other white,1743.759882,1678.282948,740.2551199,281.296936
Myanmar,Alicante Henri Bouschet,,0.23,,
Myanmar,Cabernet Sauvignon,,0.73,,
Myanmar,Chardonnay,,1.13,1.5,1.5
Myanmar,Chenin Blanc,,0.61,,
Myanmar,Mazuelo,,4.41,,
Myanmar,Muscat Blanc à Petits Grains,,7.11,7,7
Myanmar,Petit Verdot,,1.93,2,2
Myanmar,Pinot Noir,,6.75,7,7
Myanmar,Sauvignon Blanc,,21.96,22,22
Myanmar,Syrah,,26.92,27,27
Myanmar,Tempranillo,,3.35,3.5,3.5
New Zealand,Albany Surprise,,,,1
New Zealand,Alvarinho,,,26.125,64.02
New Zealand,Arneis,,,33.472,4.86
New Zealand,Barbera,,,,1.86
New Zealand,Blauburger,13,4.8,,
New Zealand,Blaufränkisch,,,,0.16
New Zealand,Breidecker,25.1,5.6,0.44,
New Zealand,Cabernet Franc,117.6,2.8,109.2135,86.86
New Zealand,Cabernet Sauvignon,654.4,517.8,275.428,195.9
New Zealand,Carmenère,,,,2.09
New Zealand,Chambourcin,,2.5,3.3999,4.28
New Zealand,Chardonnay,2786.1,3911,3117.208,3098.98
New Zealand,Chasselas,25.2,,,
New Zealand,Chenin Blanc,146.1,7.2,23.654,19.93
New Zealand,Côt,67.2,10.1,129.2304,84.32
New Zealand,Dolcetto,,,,1.58
New Zealand,Durif,,0.3,0.84,0.25
New Zealand,Ehrenfelser,,,1.17,
New Zealand,Fiano,,,,0.59
New Zealand,Flora,6.4,,2.57,2.36
New Zealand,Gamay Noir,,,7.33,11.13
New Zealand,Garnacha Tinta,,,1.15,1.33
New Zealand,Gewürztraminer,138.8,5.9,277.21296,181.42
New Zealand,Grüner Veltliner,,,43.32742,43.31
New Zealand,Kolor,,,6.682,2.44
New Zealand,Lagrein,,,2.214,9.64
New Zealand,Marsanne,,,0.15,1.47
New Zealand,Marzemino,,,,0.7
New Zealand,Merlot,655.6,1369,1238.8578,1001.7
New Zealand,Monastrell,,,,0.06
New Zealand,Montepulciano,,,7.654,7.74
New Zealand,Mtsvane Kakhuri,,,,0.58
New Zealand,Muscat,,,36.065,7.32
New Zealand,Muscat Blanc à Petits Grains,,,0.222,0.6
New Zealand,Müller-Thurgau,419.7,3.7,2.242,0.49
New Zealand,Nebbiolo,,,1.485,0.84
New Zealand,Niagara,,,,2.5
New Zealand,Optima,,,,0.12
New Zealand,Osteiner,,,0.7,0.67
New Zealand,Palomino Fino,20.6,3.2,7.283,
New Zealand,Petit Manseng,,,0.98,1.22
New Zealand,Petit Verdot,,,9.4356,8.11
New Zealand,Pinot Blanc,,2.8,11.71,10.84
New Zealand,Pinot Gris,127,1501,2422.211,2787.05
New Zealand,Pinot Meunier,,,20.689,14.99
New Zealand,Pinot Noir,1098.1,4776,5513.5231,5615.32
New Zealand,Pinotage,72.8,0.9,37.59872,14.02
New Zealand,Plantet,,,,1.15
New Zealand,Prosecco,,,,0.62
New Zealand,Reichensteiner,62.2,,14.21,
New Zealand,Riesling,492,979,767.28642,576.07
New Zealand,Roussanne,,,0.2,0.19
New Zealand,Sangiovese,,,7.91,4.76
New Zealand,Sankt Laurent,,,1.36,2.61
New Zealand,Saperavi,,,,0.55
New Zealand,Sauvignon Blanc,2424,16205,20496.6942,27478.31
New Zealand,Sauvignon Blanc (G),,,103.691,86.54
New Zealand,Scheurebe,,,,0.75
New Zealand,Seibel,,8,2.89,0.81
New Zealand,Silvaner,4.3,2.7,,
New Zealand,Syrah,59.6,5,435.965,418.24
New Zealand,Sémillon,229.4,0.6,63.219,26.64
New Zealand,Tannat,,,2.074,2.46
New Zealand,Tempranillo,,,18.47276,17.76
New Zealand,Touriga Nacional,,,,0.58
New Zealand,Tribidrag,,,4.26,2.17
New Zealand,Verdelho,,,6.763,1.31
New Zealand,Vermentino,,,0.1,0.2
New Zealand,Viognier,,1.3,129.176,59.71
New Zealand,Würzer,,,0.44,0.44
New Zealand,Zweigelt,,2.8,,1.39
New Zealand,other red,70.16550652,1211.862492,13.69,2.74
New Zealand,other white,226.7344935,1422.937508,23.531,10.12
North Macedonia,Cabernet Sauvignon,,,1020,1140
North Macedonia,Chardonnay,,,750,818
North Macedonia,Dimyat,,,6500,7500
North Macedonia,Graševina,,,270,305
North Macedonia,Merlot,,,1240,1240
North Macedonia,Muscat Blanc à Petits Grains,,,400,381
North Macedonia,Muscat of Hamburg,,,350,381
North Macedonia,Pamid,,,250,265
North Macedonia,Pinot Noir,,,500,508
North Macedonia,Plavac Mali,,,50,500
North Macedonia,Prokupac,,,445,480
North Macedonia,Riesling,,,900,990
North Macedonia,Rkatsiteli,,,460,482
North Macedonia,Sauvignon Blanc,,,185,209
North Macedonia,Stanušina Crna,,,400,423
North Macedonia,Syrah,,,,900
North Macedonia,Terrano,,,,820
North Macedonia,Tribidrag,,,1000,1050
North Macedonia,Vranac,,,9500,10800
North Macedonia,other red,,,71.2800649,306.0584114
North Macedonia,other white,,,50.7199351,218.9415886
North Macedonia,Žilavka,,,185,212
North Macedonia,Župljanka,,,250,282
Norway,Rondo,,,3.75,10.5
Norway,Solaris,,,7.5,21
Norway,other red,,,0.5,1.399999976
Norway,other white,,,0.75,2.099999905
Peru,Albillo Mayor,,7,7,7
Peru,Alphonse Lavallée,,18,18,18
Peru,Ar110,,1,1,1
Peru,Ar99,,5,5,5
Peru,Blaufränkisch,,290,290,290
Peru,Cabernet Sauvignon,,48,48,48
Peru,Cardinal,,53,53,53
Peru,Chardonnay,,1,1,1
Peru,Chenin Blanc,,2,2,2
Peru,Crimson Seedless,,2,2,2
Peru,Crystal,,2,2,2
Peru,Côt,,10,10,10
Peru,Flame Seedless,,42,42,42
Peru,Garnacha Tinta,,1,1,1
Peru,Imperial Seedless,,1,1,1
Peru,Italia,,1011,1011,1011
Peru,Merlot,,2,2,2
Peru,Muscat Blanc à Petits Grains,,361,361,361
Peru,Negramoll,,1252,1252,1252
Peru,Pecorino,,114,114,114
Peru,Pedro Ximénez,,1,1,1
Peru,Perlette,,1,1,1
Peru,Pinot Noir,,1,1,1
Peru,Quebranta,,330,330,330
Peru,Red Globe,,240,240,240
Peru,Rosa Arica,,1,1,1
Peru,Sultaniye,,15,15,15
Peru,Superior Seedless,,9,9,9
Peru,Syrah,,2,2,2
Peru,Torrontés Riojano,,8,8,8
Poland,Abouriou,,,,0.1000000015
Poland,Acolon,,,,1.433600024
Poland,Adalmiina,,,,0.4789999947
Poland,Agat Donskoi,,,,0.04999999981
Poland,Alden,,,,0.1536000017
Poland,Alfrocheiro,,,,0.1000000015
Poland,Aligoté,,,,0.1099999994
Poland,Allegro,,,,0.129999999
Poland,Ancellotta,,,,0.01999999955
Poland,Ariana,,,,0.0005000000237
Poland,Arinto de Bucelas,,,,0.1000000015
Poland,Arkadia,,,,0.007499999832
Poland,Arkansas 1704,,,,0.03999999911
Poland,Aurelius,,,,0.009999999776
Poland,Aurore,,,,3.327349997
Poland,Auxerrois,,,,2.223500028
Poland,Bacchus,,,,0.7764000255
Poland,Baco Noir,,,,0.01999999955
Poland,Barbera,,,,0.09000000358
Poland,Baron,,,,0.2364999987
Poland,Bianca,,,,5.651199978
Poland,Biancame,,,,0.0005000000237
Poland,Bianka,,,,1.366340003
Poland,Biona,,,,0.03999999911
Poland,Blauer Portugieser,,,,1.196130022
Poland,Blaufränkisch,,,,1.167180016
Poland,Blutenmuskateller,,,,0.009999999776
Poland,Bolero,,,,0.5999999959
Poland,Bouvier,,,,0.1799999997
Poland,Bronner,,,,0.5649670046
Poland,Cabernet Blanc,,,,1.207000001
Poland,Cabernet Cantor,,,,5.101500051
Poland,Cabernet Carbon,,,,0.5
Poland,Cabernet Carol,,,,0.400000006
Poland,Cabernet Cortis,,,,48.99283697
Poland,Cabernet Dorsa,,,,3.465729988
Poland,Cabernet Eidos,,,,0.1599999964
Poland,Cabernet Franc,,,,1.099999992
Poland,Cabernet Mitos,,,,0.2399999946
Poland,Cabernet Sauvignon,,,,1.969000009
Poland,Cabernet Volos,,,,0.9262500037
Poland,Calardis Blanc,,,,0.200000003
Poland,Calardis Musque,,,,0.04399999976
Poland,Cascade,,,,0.2936999938
Poland,Cayetana Blanca,,,,0.0104999998
Poland,Cayuga White,,,,0.2800000105
Poland,Chardonnay,,,,50.97385789
Poland,Chardonnay Rose,,,,0.820000004
Poland,Charmont,,,,0.0003000000142
Poland,Chasselas,,,,0.1899999958
Poland,Concord,,,,0.01099999994
Poland,Corvina Veronese,,,,0.0005000000237
Poland,Crimson Cabernet,,,,0.2700000107
Poland,Csaba Gyöngye,,,,0.0003000000142
Poland,Cserszegi Fűszeres,,,,0.4200000111
Poland,Dakapo,,,,0.3004999933
Poland,De Chaunac,,,,0.05119999871
Poland,Defensor,,,,0.3500000015
Poland,Devin,,,,0.6203000011
Poland,Divico,,,,0.02500000037
Poland,Donauveltliner,,,,0.9900000095
Poland,Doral,,,,0.0003000000142
Poland,Dornfelder,,,,7.386650068
Poland,Dunaj,,,,0.4313000055
Poland,Dunkelfelder,,,,0.04699999839
Poland,Ehrenfelser,,,,0.5640000291
Poland,Einset Seedless,,,,0.1268000016
Poland,Elbling,,,,0.01999999955
Poland,Felicia,,,,0.2869999949
Poland,Festivalnyj Ustoichivyi,,,,0.0007999999798
Poland,Fetească Albă,,,,0.05999999866
Poland,Fetească Neagră,,,,0.06999999844
Poland,Fetească Regală,,,,0.06999999844
Poland,Fleurtai,,,,0.6537499879
Poland,Freiminer,,,,0.02999999933
Poland,Frontenac,,,,1.872200023
Poland,Gamay Noir,,,,1.399999991
Poland,Garganega,,,,0.0003000000142
Poland,Garnacha Tinta,,,,0.04550000001
Poland,Gewürztraminer,,,,19.91516014
Poland,Goecseji Zamatos,,,,0.001099999994
Poland,Goldriesling,,,,0.2100000028
Poland,Golubok,,,,0.04999999888
Poland,Gołubok,,,,0.3110199985
Poland,Grüner Veltliner,,,,3.259999994
Poland,Hegel,,,,0.009999999776
Poland,Helios,,,,0.1757999975
Poland,Hibernal,,,,32.60139008
Poland,Hron,,,,0.0003000000142
Poland,Irsai Olivér,,,,0.0003000000142
Poland,Iza Zaliwska,,,,0.02999999933
Poland,Jazmin,,,,0.0005000000237
Poland,Johanniter,,,,57.52673997
Poland,Kalina,,,,0.003000000026
Poland,Kerner,,,,0.9290000044
Poland,Khikhvi,,,,0.009999999776
Poland,Korai Bibor,,,,0.0005000000237
Poland,Krisztaly,,,,0.7982999966
Poland,La Crescent,,,,0.8210999966
Poland,Léon Millot,,,,20.92896005
Poland,Madeleine × Angevine 7672,,,,0.0003000000142
Poland,Marquette,,,,0.785879998
Poland,Marselan,,,,0.07999999821
Poland,Maréchal Foch,,,,18.05770997
Poland,Merlan,,,,0.004800000228
Poland,Merlot,,,,4.451968047
Poland,Merlot Kanthus,,,,0.8181499867
Poland,Merlot Khorus,,,,0.1219499977
Poland,Merzling,,,,0.04999999888
Poland,Monarch,,,,3.359099993
Poland,Montepulciano,,,,0.01149999979
Poland,Moscato Giallo,,,,0.0003000000142
Poland,Mujuretuli,,,,0.03999999911
Poland,Muscaris,,,,45.59993004
Poland,Muscat,,,,2.262499999
Poland,Muscat Blanc à Petits Grains,,,,1.225000014
Poland,Muscat Bleu,,,,0.03499999922
Poland,Muscat Donskoj,,,,0.0005000000237
Poland,Muscat Morawsky,,,,0.07999999821
Poland,Muscat Odesskiy,,,,2.069339984
Poland,Muscat Ottonel,,,,2.203700003
Poland,Muskat Moravsky,,,,0.3908000155
Poland,Müller-Thurgau,,,,1.837799987
Poland,Nebbiolo,,,,0.007499999832
Poland,Negru de Drăgăşani,,,,0.0005000000237
Poland,Nero d'Avola,,,,0.1244999978
Poland,Neronet,,,,0.0003000000142
Poland,Niagara,,,,0.01999999955
Poland,Odessky Cherny,,,,0.120000001
Poland,Ontario,,,,0.150000006
Poland,Orion,,,,0.02159999951
Poland,Ortega,,,,0.6467000013
Poland,Ovidiopolsky,,,,0.1272000074
Poland,Palatina,,,,0.01590000093
Poland,Palava,,,,0.9453000059
Poland,Panonia,,,,0.01999999955
Poland,Perła Zali,,,,0.008099999977
Poland,Petit Manseng,,,,0.2090000063
Poland,Petit Verdot,,,,0.0003000000142
Poland,Petite Pearl,,,,0.03449999914
Poland,Phoenix,,,,0.5291000107
Poland,Pinot Blanc,,,,15.51040001
Poland,Pinot Gris,,,,14.76738006
Poland,Pinot Meunier,,,,4.725999927
Poland,Pinot Noir,,,,63.9533199
Poland,Pinot Noir Précoce,,,,3.305999945
Poland,Pinot Nova,,,,0.009999999776
Poland,Pinotin,,,,1.914999976
Poland,Prairie Star,,,,1.199300018
Poland,Prior,,,,0.3400000036
Poland,Prosecco,,,,0.0003000000142
Poland,Rathay,,,,0.05500000156
Poland,Reberger,,,,0.7400000188
Poland,Reform,,,,0.0005000000237
Poland,Refren,,,,0.001300000004
Poland,Regent,,,,73.53275001
Poland,Riesling,,,,80.71275991
Poland,Riesling Rot,,,,5.990999943
Poland,Romulus,,,,0.001500000013
Poland,Rondo,,,,31.35948009
Poland,Rubinet,,,,0.04069999978
Poland,Rudava,,,,0.0003000000142
Poland,Rösler,,,,1.306299996
Poland,Sabrevois,,,,0.1870000018
Poland,Sangiovese,,,,0.1690000053
Poland,Sankt Laurent,,,,3.983459967
Poland,Saphira,,,,0.9300000072
Poland,Satin Noir,,,,0.1799999997
Poland,Sauvignac,,,,0.8340000156
Poland,Sauvignon Blanc,,,,5.853600055
Poland,Sauvignon Blanc (G),,,,6.163100036
Poland,Sauvignon Kretos,,,,0.565699995
Poland,Sauvignon Nepis,,,,0.1000000015
Poland,Sauvignon Rytos,,,,0.9357000054
Poland,Sauvignon Sary,,,,0.4930000156
Poland,Sauvignonasse,,,,0.009999999776
Poland,Sauvitage,,,,0.9926000098
Poland,Scheurebe,,,,0.25
Poland,Schiava Grossa,,,,0.0003000000142
Poland,Schuyler,,,,0.03980000032
Poland,Serena,,,,0.141199999
Poland,Sevar,,,,0.003500000108
Poland,Seyval Blanc,,,,55.58682002
Poland,Sheridan,,,,0.6848999988
Poland,Sibera,,,,1.694489988
Poland,Siegerrebe,,,,2.243999979
Poland,Silvaner,,,,0.5100000184
Poland,Siramé,,,,1.025599987
Poland,Solaris,,,,135.6190002
Poland,Solira,,,,0.6369999796
Poland,Soreli,,,,1.15374999
Poland,Souvignier Gris,,,,57.09493002
Poland,St Croix,,,,0.02999999933
Poland,St Pepin,,,,2.982839989
Poland,Swenson Red,,,,4.899999974
Poland,Syrah,,,,0.04799999949
Poland,Tauberschwarz,,,,2.214
Poland,Torysa,,,,0.0007999999798
Poland,Trebbiano Toscano,,,,0.0003000000142
Poland,Triomphe,,,,0.2155000018
Poland,Tsvetochnyi,,,,6.175480036
Poland,Uva Rara,,,,0.0003000000142
Poland,Vermentino,,,,0.0003000000142
Poland,Vidal,,,,1.480799985
Poland,Villaris,,,,0.1199999973
Poland,Viognier,,,,0.1800000072
Poland,Váh,,,,0.001099999994
Poland,Zweigelt,,,,17.54876003
Poland,other,,,,0.1120899977
Portugal,Agronomica,19.08,326.58,298.7190301,298.7190301
Portugal,Agua Santa,,77.75,76.42691952,76.42691952
Portugal,Alfrocheiro,517.6,1179.81,1206,1179.991
Portugal,Alicante Henri Bouschet,674.53,3321.95,4547,7655.387
Portugal,Almafra,,0.19,0.08902405964,0.08902405964
Portugal,Alvar Branco,,0.22,0.1622624071,0.1622624071
Portugal,Alvar Roxo,,1.7,1.754856788,1.754856788
Portugal,Alvarelhao Ceitao,,0.02,0.01958933476,0.01958933476
Portugal,Alvarelhão,144.99,158.51,,
Portugal,Alvarinho,964.46,1989.39,2860,3801.876
Portugal,Amaral,582.35,92.23,93.12762023,93.12762023
Portugal,Antao Vaz,376.07,1251.6,1768,1768
Portugal,Antão Vaz,,,,1496.22
Portugal,Aramon Noir,,14.46,14.31812104,14.31812104
Portugal,Arinto de Bucelas,3965.95,4482.23,5409,6440.155
Portugal,Arnsburger,,28.39,28.39,28.39
Portugal,Assaraky,,1.03,0.4826041128,0.4826041128
Portugal,Aubun,,0.49,0.4799387016,0.4799387016
Portugal,Avesso,635.85,685.39,699.1112464,779.872
Portugal,Azal,3302.34,1071.93,1442.811968,1632.857
Portugal,Babosa de Madere,,2.06,1.571836206,1.571836206
Portugal,Baga,6729.5,4108.1,6750,7202.63
Portugal,Barcelo,33.76,22.88,26.45982113,26.45982113
Portugal,Barreto de Semente,,2.5,2.531005526,2.531005526
Portugal,Bastardo Branco,,14.58,14.29846417,14.29846417
Portugal,Batoca,80.28,11.48,8.064634908,8.064634908
Portugal,Beba,,0.04,0.05831206793,0.05831206793
Portugal,Bical,911.9,923.87,1076,1232.656
Portugal,Blauer Portugieser,,35.8,36.41315443,36.41315443
Portugal,Boal Barreiro,,0.58,0.2717576557,0.2717576557
Portugal,Boal Vencedor,,2.41,2.025383229,2.025383229
Portugal,Borraçal,2035.12,159.69,162.8379223,162.8379223
Portugal,Branco Escola,,1.82,1.85645035,1.85645035
Portugal,Branco Gouvaes,,36.37,34.18107706,34.18107706
Portugal,Branco Sr. Joao,,0.41,0.1976193496,0.1976193496
Portugal,Branco Valente,,0.21,0.1259690124,0.1259690124
Portugal,Brandam,,311.61,291.349195,291.349195
Portugal,Cabernet Franc,,23.75,23.142496,23.142496
Portugal,Cabernet Sauvignon,317.96,1670.91,2346,1557.61
Portugal,Cabinda,,362.38,354.9391565,354.9391565
Portugal,Cabral,,1.88,1.902238858,1.902238858
Portugal,Caladoc,,1197.38,2180,2657.658
Portugal,Calrao,,1.04,0.900167677,0.900167677
Portugal,Camaralet de Lasseube,690.43,515.43,301.5976108,301.5976108
Portugal,Campanario,,1.92,1.880576137,1.880576137
Portugal,Caracol,13.74,32.97,32.92706527,32.92706527
Portugal,Caramela,,0.49,0.4170915584,0.4170915584
Portugal,Carrega Branco,,507.03,511.7580639,511.7580639
Portugal,Carrega Tinto,,17.1,17.44003941,17.44003941
Portugal,Casculho,,267.16,269.1931127,269.1931127
Portugal,Castalia,,0.19,0.08902405964,0.08902405964
Portugal,Castela,,7.98,6.773230912,6.773230912
Portugal,Castelino,,147.38,144.3538078,144.3538078
Portugal,Castelo Branco,,4.54,2.127206478,2.127206478
Portugal,Castelão,14423.61,11086.27,12580,8989.769
Portugal,Castelão Branco,,37.34,18.01865899,18.01865899
Portugal,Cayetana Blanca,,148.2,132.3716472,132.3716472
Portugal,Caíño Blanco,,7.36,5.240820885,5.240820885
Portugal,Cerceal Branco,597.29,379.12,260.7673488,260.7673488
Portugal,Chardonnay,,803.11,546.8450763,245.1
Portugal,Chasselas,,75.77,72.39662352,72.39662352
Portugal,Chasselas (R),,6.65,6.695676613,6.695676613
Portugal,Chasselas Sabor,,0.05,0.03445698377,0.03445698377
Portugal,Chenin Blanc,,0.04,0.01874190729,0.01874190729
Portugal,Cidreiro,,0.16,0.1567146781,0.1567146781
Portugal,Cinsaut,,16.66,12.33638782,12.33638782
Portugal,Codega de Larinho,4057.85,628.84,455,455
Portugal,Complexa,6.4,102.8,102.8,102.8
Portugal,Concieira,,52.31,53.11106833,53.11106833
Portugal,Coracao de Galo,,0.88,0.7767806805,0.7767806805
Portugal,Cornifesto,259.06,498.54,507.9997336,507.9997336
Portugal,Códega Do Larinho,,,,990.771
Portugal,Damaschino,1530.34,1037.18,880,542.128
Portugal,Dedo de Dama,,0.84,0.8182196397,0.8182196397
Portugal,Deliciosa,,0.12,0.1175360086,0.1175360086
Portugal,Diagalves,1088.07,1156.28,1090,560.966
Portugal,Docal,,0.18,0.1815769333,0.1815769333
Portugal,Dona Branca,295.98,275.94,203.5346547,203.5346547
Portugal,Dona Joaquina,,23.7,11.10458007,11.10458007
Portugal,Donzelinho Branco,58.73,65.04,64.35727139,64.35727139
Portugal,Donzelinho Roxo,,0.13,0.1317923779,0.1317923779
Portugal,Donzelinho Tinto,,33.3,33.77425684,33.77425684
Portugal,Dorinto,,114.52,69.93767905,69.93767905
Portugal,Encruzado,290.75,282.1,132.293112,737.495
Portugal,Esganacao Preto,,0.02,0.0204005533,0.0204005533
Portugal,Esganinho,,0.15,0.07028215235,0.07028215235
Portugal,Espadeiro,1477.82,236.51,237.3069027,341.194
Portugal,Espadeiro Mole,,0.36,0.3526080257,0.3526080257
Portugal,Estreito Macio,,2.83,1.325989941,1.325989941
Portugal,Fepiro,,0.01,0.009794667379,0.009794667379
Portugal,Fernão Pires,14206.29,9474.06,12138,12330.647
Portugal,Folgasao,408.57,181.64,162.2425062,162.2425062
Portugal,Folgasao Roxo,,18.36,17.9870654,17.9870654
Portugal,Folgasão,,,,45.48
Portugal,Folha de Figueira,,3.48,1.630545934,22.74
Portugal,Fonte Cal,355.16,110.89,51.95725249,51.95725249
Portugal,Galego Dourado,,12.76,6.122395939,6.122395939
Portugal,Gamay Noir,,0.07,0.06856267165,0.06856267165
Portugal,Garnacha Tinta,,84.26,59.74349369,59.74349369
Portugal,Generosa,9.24,3.35,3.270282152,3.270282152
Portugal,Gewürztraminer,,0.37,0.1788774423,0.1788774423
Portugal,Godello,928.63,727.82,584,1062.133
Portugal,Goncalo Pires,,0.68,0.6891571101,0.6891571101
Portugal,Gouveio Preto,,0.33,0.3366091294,0.3366091294
Portugal,Gouveio Real,,581.7,581.1092493,106.878
Portugal,Graciano,583.8,332.36,325.535565,325.535565
Portugal,Grand Noir,46.53,178.9,166.7678952,166.7678952
Portugal,Grangeal,,1.14,1.159586664,1.159586664
Portugal,Granho,,0.26,0.2655499101,0.2655499101
Portugal,Grossa,,73.15,49.17397787,49.17397787
Portugal,Jacquere,,0.53,0.2483302716,0.2483302716
Portugal,Jampal,127.41,70.72,33.86916047,33.86916047
Portugal,Juan García,,134.88,135.2383276,785.781
Portugal,Labrusco,,81,79.33680577,79.33680577
Portugal,Lameiro,,0.39,0.2875147928,0.2875147928
Portugal,Lariao,,3.67,4.822393357,4.822393357
Portugal,Leira,,0.59,0.2764431326,0.2764431326
Portugal,Listain de Huelva,595.84,349.8,466.0542024,37.492
Portugal,Listrao Roxo,10.03,,,
Portugal,Loureiro,3938.71,3468.5,4402,7213.816
Portugal,Lourela,,0.23,0.225682959,0.225682959
Portugal,Lusitano,,0.13,0.1273306759,0.1273306759
Portugal,Luzidio,,0.28,0.131193351,0.131193351
Portugal,Madeleine Royale,,3.03,2.642504158,2.642504158
Portugal,Malvarisco,,3.16,3.193677944,3.193677944
Portugal,Malvasia,,,801,1087.617
Portugal,Malvasia Bianca di Candia,,6.09,6.074098483,6.074098483
Portugal,Malvasia Branca de Sao Jorge,54.71,110.32,109.8765333,109.8765333
Portugal,Malvasia Fina,2327.59,3014.79,2922,2525.453
Portugal,Malvasia Fina Roxa,,24.98,24.00529167,24.00529167
Portugal,Malvasia Parda,,4.4,4.154201016,4.154201016
Portugal,Malvasia Preta,2209.92,1902.88,1933.029512,1172.226
Portugal,Malvasia Romana,,0.18,0.1339717812,0.1339717812
Portugal,Malvasia di Lipari,,6.74,6.29041768,6.29041768
Portugal,Malvasia di Sardegna Rosada,,2.88,2.942820909,2.942820909
Portugal,Malvia,,0.21,0.2142058096,0.2142058096
Portugal,Manseng Noir,,21.82,21.37642397,21.37642397
Portugal,Manteudo Preto,,16.42,10.97292695,10.97292695
Portugal,Marquinhas,,10.74,5.032202108,5.032202108
Portugal,Marufo,3511.77,4007.75,3367.15494,2428.408
Portugal,Mazuelo,,337.91,291.1836331,291.1836331
Portugal,Melhorio,,0.06,0.06120165989,0.06120165989
Portugal,Mencía,1971.4,2453.52,2561.029512,3225.96
Portugal,Merlot,,771.55,482,509.737
Portugal,Mindelo,,0.53,0.5292576028,0.5292576028
Portugal,Mondet,,0.33,0.3325530367,0.3325530367
Portugal,Monvedro,13.72,5.66,3.994511538,3.994511538
Portugal,Moscadet,,3.71,3.089437859,3.089437859
Portugal,Moscargo,,0.15,0.1469200107,0.1469200107
Portugal,Moscatel Lilaz,,0.01,0.01020027665,0.01020027665
Portugal,Mourisco de Semente,,60.16,61.05741249,61.05741249
Portugal,Mourisco de Trevoes,,1.97,1.987957208,1.987957208
Portugal,Muscat Blanc à Petits Grains,1419.06,534.55,1031,912.786
Portugal,Muscat Blanc à Petits Grains (R),,175.67,114.8439854,114.8439854
Portugal,Muscat of Alexandria,509.65,647.13,509,1046.727
Portugal,Muskat de Yaloven,,12.26,12.48120262,12.48120262
Portugal,Naia,,0.46,0.29162297,0.29162297
Portugal,Negramoll,1039.86,677.65,606.3206762,255.234
Portugal,Nevoeira,,0.38,0.3872049034,0.3872049034
Portugal,Padeiro,,86.01,87.68715122,87.68715122
Portugal,Palomino Fino,,3032.7,2594.481075,1327.13
Portugal,Parraleta,,170.58,113.7619226,113.7619226
Portugal,Parreira Matias,,0.7,0.6856267165,0.6856267165
Portugal,Patorra,,9.86,10.05503912,10.05503912
Portugal,Pe Comprido,,1.06,0.5738677408,0.5738677408
Portugal,Pedral,57.87,4.29,4.375918682,4.375918682
Portugal,Pedro Ximénez,,196.94,258.9256574,258.9256574
Portugal,Perigo,,4.01,4.358263983,4.358263983
Portugal,Perola,67.61,,,
Portugal,Petit Bouschet,,15.39,13.88167072,13.88167072
Portugal,Petit Verdot,,131.78,89.73493733,337.012
Portugal,Pexem,,3.48,2.83850571,2.83850571
Portugal,Pinot Blanc,,21.53,14.70327901,14.70327901
Portugal,Pinot Gris,,4.77,4.923921693,4.923921693
Portugal,Pinot Noir,,147.77,130.2440309,47.754
Portugal,Piquepoul Noir,,5.56,5.632820936,5.632820936
Portugal,Planta Nova,,28.83,23.60031336,23.60031336
Portugal,Praca,,166.33,169.3799467,169.3799467
Portugal,Preto Cardana,,4.74,4.643889166,4.643889166
Portugal,Preto Martinho,427.92,163.4,162.5470686,162.5470686
Portugal,Primavera,,39.78,38.96318683,38.96318683
Portugal,Promissao,,6.12,3.203914605,3.203914605
Portugal,Rabigato,1133.24,1272.65,1969,1738.64
Portugal,Rabigato Moreno,,0.89,0.9078246217,0.9078246217
Portugal,Rabo de Anho,,99.35,85.72625753,85.72625753
Portugal,Rabo de Lobo,,3.25,3.183266898,3.183266898
Portugal,Rabo de Ovelha,2330.13,908.16,563.3061384,563.3061384
Portugal,Ramisco,71.59,33.74,32.80066798,32.80066798
Portugal,Rayada Melonera,,1.2,0.9713972082,0.9713972082
Portugal,Riesling,,17.89,13.39279673,13.39279673
Portugal,Rio Grande,3.77,0.52,0.4881128609,0.4881128609
Portugal,Roal,,1.19,0.8043571164,0.8043571164
Portugal,Roxo Rei,,0.35,0.3480862788,0.3480862788
Portugal,Roxo de Vila Flor,,0.19,0.1860986802,0.1860986802
Portugal,Rufete,2338.29,4183.2,1145,2608.883
Portugal,Samarrinho,,1.26,0.8440508717,0.8440508717
Portugal,Santarena,,739.33,724.1746967,377.511
Portugal,Santoal,,9.09,4.259098432,4.259098432
Portugal,Sao Mamede,,0.61,0.5119208791,0.5119208791
Portugal,Sauvignon Blanc,,170.91,101.8361562,24.514
Portugal,Seara Nova,1213.26,681.29,471,516.594
Portugal,Sercial,305.71,105.8,85.2868291,85.2868291
Portugal,Sercialinho,,8.71,4.081050313,4.081050313
Portugal,Sevilhao,,14.03,14.29679181,14.29679181
Portugal,Syrah,,3500.61,4017,6322.622
Portugal,Sémillon,,89.19,75.98050603,75.98050603
Portugal,Síria,1682.06,7144.7,6438,5214.714
Portugal,Tamarez,585.49,342.56,298.0109787,298.0109787
Portugal,Tannat,,9.86,9.687151513,9.687151513
Portugal,Teinturier,,7.47,7.323917499,7.323917499
Portugal,Tempranillo,7356.2,16705.89,17014.01428,20089.515
Portugal,Terrantez,26.75,12.16,11.02620297,11.02620297
Portugal,Terrantez do Pico,,0.34,0.2971762076,0.2971762076
Portugal,Tinta Aguiar,,75.26,76.71982577,76.71982577
Portugal,Tinta Aurelio,,0.01,0.009794667379,0.009794667379
Portugal,Tinta Barroca,5656.68,5939.33,4733,3235.433
Portugal,Tinta Bragao,,62.59,63.7936416,63.7936416
Portugal,Tinta Carvalha,1920.03,1311.21,1113,266.329
Portugal,Tinta Engomada,,3.79,3.861848757,3.861848757
Portugal,Tinta Francisca,,52.9,53.94283349,53.94283349
Portugal,Tinta Malandra,,0.01,0.01020027665,0.01020027665
Portugal,Tinta Martins,,10.68,10.44043081,10.44043081
Portugal,Tinta Mesquita,,1.19,1.213832921,1.213832921
Portugal,Tinta Penajoia,,52.84,53.31783495,53.31783495
Portugal,Tinta Pereira,,1.05,1.032901777,1.032901777
Portugal,Tinta Pomar,,29.68,29.97143097,29.97143097
Portugal,Tinta Roseira,,3.65,3.719450493,3.719450493
Portugal,Tinta Valdosa,,0.54,0.5337793497,0.5337793497
Portugal,Tinta Varejoa,,1.04,1.060828771,1.060828771
Portugal,Tinta da Barca,,344.72,351.6052786,351.6052786
Portugal,Tinta da Melra,,0.58,0.5867487344,0.5867487344
Portugal,Tinta de Alcoa,,23.93,24.07503998,24.07503998
Portugal,Tinta de Cidadelhe,,0.68,0.6936188121,0.6936188121
Portugal,Tinta de Pegoes,,194.86,190.8588886,190.8588886
Portugal,Tinta do Rodo,,3.41,3.339981576,3.339981576
Portugal,Tintem,,9.06,8.873968646,8.873968646
Portugal,Tinto Cão,556.47,368.62,366.9229685,366.9229685
Portugal,Touriga Femea,,14.77,14.785127,14.785127
Portugal,Touriga Franca,6671.31,11582.39,14217,15145.811
Portugal,Touriga Nacional,4148.6,10174.76,11411,13442.58
Portugal,Trajadura,1787.51,1171.07,1550,1462.26
Portugal,Trebbiano Toscano,381.79,212.12,121.9980234,121.9980234
Portugal,Trincadeira,7263.98,9245.62,10493,6897.383
Portugal,Trincadeira das Pratas,215.76,238.69,123.8321353,123.8321353
Portugal,Trincadeiro Branco,,59.44,48.52984214,48.52984214
Portugal,Triunfo,,1.94,1.94559371,1.94559371
Portugal,Trousseau,1753.71,3148.5,1166,1013.949
Portugal,Uva Cao,33.31,0.81,0.3850384225,0.3850384225
Portugal,Valbom,,165.88,162.4739425,162.4739425
Portugal,Valveirinha,,0.31,0.3162085761,0.3162085761
Portugal,Verdelho,342.98,401.21,360.3837578,494.678
Portugal,Verdelho Tinto,0.59,28.16,28.6258216,28.6258216
Portugal,Verdial,,0.5,0.2342738412,0.2342738412
Portugal,Verdial Tinto,,2.6,2.547019128,2.547019128
Portugal,Vinhao,5295.57,2482.39,4055,4114.681
Portugal,Viognier,,127.03,125.4918281,14.42
Portugal,Viosinho,16.68,225.27,916,1256.229
Portugal,Vital,2246.37,1181.53,659,456.987
Portugal,Xara,,0.04,0.04080110659,0.04080110659
Portugal,other,,,,7470.915
Portugal,other grey,,,7211.378401,
Portugal,other red,38242.02,,922.4392402,
Portugal,other white,30519.96,1385.82,428.8799655,
Romania,Alb Aromat,,,24,24.6421
Romania,Alicante Henri Bouschet,,,20,36.3375
Romania,Aligoté,7608.097,7297,5840,5110.0479
Romania,Alutus,,,1.680673737,
Romania,Amurg,,,3.241146032,
Romania,Arcas,,,0.8935689357,
Romania,Aromat de Iasi,,,66.04350188,61.1085
Romania,Astra,,,0.2232312499,
Romania,Bakator Belyi,,,11.31288752,
Romania,Bakator Roz,,,14.71931054,
Romania,Balada,,,0.4507554084,
Romania,Barbera,,,0.3970940502,
Romania,Batuta Neagra,,,2.838685845,
Romania,Bianca,,,12.50030606,
Romania,Blasius,,,15.17113917,
Romania,Blauer Portugieser,,,329,227.5469
Romania,Blaufränkisch,,760,729,689.8882
Romania,Busuioacă de Bohotin,,268,343,779.7508
Romania,Băbească Neagră,3642.174,3042,2696,2525.2605
Romania,Băbească Neagră (G),,328,297,295.8047
Romania,Cabernet Franc,,,72,163.5857
Romania,Cabernet Sauvignon,8619.812,3718,5359,5346.6967
Romania,Chambourcin,,,0.01395195312,
Romania,Chardonnay,1375.932,1067,1878,2003.2928
Romania,Chasselas,,,127,
Romania,Coarnă Neagră,,,104,
Romania,Codană,,,26,24.6765
Romania,Columna,,,25.58573556,
Romania,Crimposie,,,450,368.5552
Romania,Cruciulita,,,0.05366135814,
Romania,Crâmpoșie Selecționată,,409,18,135.4507
Romania,Côt,,,7,
Romania,Donaris,,,1.030298076,
Romania,Dornfelder,,,1.05176262,
Romania,Ezerfürtű,,,30.94242697,25.7328
Romania,Fetească Albă,18210.87,12916,12428,11981.7481
Romania,Fetească Neagră,1214.058,1719,2845,3312.1537
Romania,Fetească Regală,1699.681,12905,12619,12077.1702
Romania,Frâncușă,,621,365,277.4034
Romania,Furmint,,,18.04459758,26.1711
Romania,Galbenă de Odobești,546.3261,385,417,375.6007
Romania,Gewürztraminer,445.1546,385,469,596.0154
Romania,Golia,,,0.09659044465,
Romania,Grasă de Cotnari,849.8406,640,571,545.8457
Romania,Graševina,15013.85,7530,7135.538237,6825.6702
Romania,Grüner Veltliner,,,0.06439362977,
Romania,Haiduc,,,3.085528093,
Romania,Iordan,,,311,295.5504
Romania,Kadarka,,,97,80.8147
Romania,Kerner,,,2.650871092,
Romania,Kreaca,,,28.51221139,
Romania,Kövidinka,,,0.6868653842,
Romania,Lagrein,,,0.3352761656,
Romania,Mamaia,,,0.3595310995,
Romania,Marselan,,,10.73227163,
Romania,Mazuelo (W),,,2.146454326,
Romania,Merlot,7810.44,10988,11647,11012.2408
Romania,Miorita,,,7.520639343,
Romania,Monastrell,,,3,
Romania,Muscadelle,,,4.599315006,
Romania,Muscat Blanc à Petits Grains,1011.715,840,1579,1747.7482
Romania,Muscat Ottonel,5787.01,3641,4779,5138.4925
Romania,Mustoasă de Măderat,,255,282,288.323
Romania,Müller-Thurgau,,,0.2146454326,
Romania,Nebbiolo,,,0.2146454326,
Romania,Negru Aromat,,,0.6761331125,
Romania,Negru de Drăgăşani,,,18,62.1855
Romania,Neuburger,,,71.17739134,79.3631
Romania,Novac,,,74,73.235
Romania,Pamid,,2930,2716,2626.5599
Romania,Pinot Blanc,,,0.1343680408,
Romania,Pinot Gris,2387.647,1301,1561,1457.8802
Romania,Pinot Noir,1740.15,1089,1930,2030.7223
Romania,Plavaie,,,152,139.9649
Romania,Rebo,,,5.398332629,
Romania,Regent,,,0.6589614779,
Romania,Riesling,,,422.4617635,481.0422
Romania,Rkatsiteli,505.8575,356,413,316.4437
Romania,Rondo,,,0.2275241585,
Romania,Rosina,,,1.159621949,
Romania,Roz de Minis,,,6.72913431,
Romania,Sangiovese,,,88,72.7611
Romania,Sauvignon Blanc,4613.42,4157,5594,5632.9747
Romania,Savagnin Blanc,,,52.79451256,
Romania,Select,,,0.1931808893,27.712
Romania,Seyval Blanc,,,1.073227163,
Romania,Silvaner,,,0.6761331125,
Romania,Slankamenka,,,23,
Romania,Syrah,,,504,692.7664
Romania,Sémillon,,,18,
Romania,Tempranillo,,,67,31.22
Romania,Timpuriu de Cluj,,,1.051226006,
Romania,Touriga Franca,,,4.287542515,
Romania,Touriga Nacional,,,11.18839317,
Romania,Trebbiano Toscano,,,3,
Romania,Tribidrag,,,8.795740535,
Romania,Unirea,,,0.5902749395,
Romania,Valerien,,,0.171716346,
Romania,Viognier,,,20.08437312,40.5294
Romania,Zghihară de Huşi,,,54,57.6843
Romania,Zweigelt,,,85.82103936,75.4848
Romania,other,,,,91531.8951
Romania,other red,38549.7,31792.52572,32081.56691,
Romania,other white,100540.9,58952.47428,62370.13029,
Romania,Șarbă,,,266,319.9135
Russia,Agadai,1264.644,,,
Russia,Aligoté,1821.087,1029,5842.5,6409.795532
Russia,Amur,,146,146,
Russia,Barkhatnyi,,30,30,
Russia,Bianca,2165.07,3513,3513,2117.604481
Russia,Cabernet Franc,,20,20,515.7760595
Russia,Cabernet Sauvignon,1578.275,3593,8528,9081.044132
Russia,Chardonnay,1638.978,1981,3481,5508.093543
Russia,Chasselas,,21,21,
Russia,Citronny Magarach,,307,307,
Russia,Citronny Magaracha,,,,1084.699023
Russia,Clairette,,22,22,
Russia,Crystal,,171,171,
Russia,Dekabrskii,,78,78,
Russia,Doina,,227,227,
Russia,Dostoinyi,,65,65,
Russia,Dunavski Lazur,,483,483,
Russia,Fioletovy Ranny,,50,50,53.39986347
Russia,Gewürztraminer,,,500,526.5040134
Russia,Golubok,,37,37,
Russia,Göcseji Zamatos,,40,40,
Russia,Irsai Olivér,,24,24,
Russia,Isabella,,162,1362,1263.609632
Russia,Krasnostop Zolotovsky,,562,562,352.9615238
Russia,Levokumskij,,890,890,484.9572179
Russia,Merlot,,1588,2988,3558.553313
Russia,Muscat Blanc à Petits Grains,,145,482.5,355.390209
Russia,Muscat Ottonel,,34,34,
Russia,Muscat of Alexandria,,21,21,
Russia,Muscat of Hamburg,,180,180,74.75980886
Russia,Müller-Thurgau,,106,106,
Russia,Odessky Cherny,,,1250,1316.260033
Russia,Onitskanskii Belyi,,66,66,
Russia,Pervenets Magaracha,2387.647,2238,2238,1540.663845
Russia,Pinot Blanc,2994.677,695,865,1522.330757
Russia,Pinot Gris,,78,78,431.6616676
Russia,Pinot Noir,,533,918,1767.349823
Russia,Podarok Magaracha,,292,292,173.0155577
Russia,Riesling,1375.932,882,2232,3179.279614
Russia,Riesus,,115,115,
Russia,Riton,,255,255,120.6836914
Russia,Rkatsiteli,13152.29,702,6477,7045.147147
Russia,Rubin Golodrigi,,82,82,457.8166402
Russia,Saperavi,930.7778,716,716,2235.858093
Russia,Saperavi Severny,,325,325,347.0991126
Russia,Sauvignon Blanc,,951,2501,2832.121198
Russia,Savagnin Blanc,,214,214,
Russia,Stepnyak,,144,144,153.7916068
Russia,Sukholimansky Bely,,80,80,
Russia,Syrah,,,,466.7093309
Russia,Sémillon,,25,25,
Russia,Trebbiano Toscano,,66,66,546.1158277
Russia,Tsimlyansky Cherny,,451,451,181.5595358
Russia,Tsvetochny,,169,169,95.05175698
Russia,Vidvizhenets,,271,271,289.42726
Russia,Viorika,,307,307,
Russia,Zalagyöngye,1780.618,193,193,83.30378702
Russia,Zenit,,21,21,
Russia,other red,8196.841,60.82316697,60.82316697,64.95897628
Russia,other white,17045.45,171.176833,171.176833,182.816387
Serbia,Afus Ali,,,72.67049473,
Serbia,Agadai,,,,0.13
Serbia,Aleatico,,,,0.99
Serbia,Alicante Henri Bouschet,,,,4.08
Serbia,Aligoté,,,,0.55
Serbia,Alphonse Lavallée,,,,12.68
Serbia,Ancellotta,,,,1.17
Serbia,Antigona,,,,0.22
Serbia,Arinarnoa,,,,3.1
Serbia,Arvine,,,,0.06
Serbia,Backa,,,,0.39
Serbia,Bagrina,,,,0.59
Serbia,Bakator Roz,,,,0.43
Serbia,Banatski Muskat,,,,0.02
Serbia,Barbera,,,,0.02
Serbia,Beogradska Besemena,,,,1.08
Serbia,Beogradska Rana,,,,1.67
Serbia,Bianca,,,,0.18
Serbia,Biserka Rana,,,,0.02
Serbia,Blauer Portugieser,,,,7.42
Serbia,Blaufränkisch,,,727.1354102,320.87
Serbia,Blush Seedless,,,,0.18
Serbia,Bombino Bianco,,,,0.09
Serbia,Bouvier,,,,0.57
Serbia,Cabernet Franc,,,79.13566938,64.29
Serbia,Cabernet Sauvignon,,,2110.677529,571.04
Serbia,Cabernet Volos,,,,0.5
Serbia,Cardinal,,,2.522090432,63.56
Serbia,Carmem,,,,8.45
Serbia,Chaouch Blanc,,,,0.02
Serbia,Chaouch Rozovyi,,,,34.48
Serbia,Chardonnay,,,1454.832177,516.44
Serbia,Chasselas,3449.948,3449.948,,9.46
Serbia,Chasselas (R),,,,0.36
Serbia,Cinsaut,,,,0.17
Serbia,Clairette,,,,0.04
Serbia,Clinton,,,,1.84
Serbia,Colombard,,,,0.18
Serbia,Crimson Cabernet,,,,0.37
Serbia,Crveni Drenak,,,,0.41
Serbia,Csaba Gyöngye,,,,2.46
Serbia,Cserszegi Fűszeres,,,,0.16
Serbia,Côt,,,,2.38
Serbia,Danlas,,,,0.13
Serbia,Danuta,,,,0.06
Serbia,Delaware,,,,0.17
Serbia,Demir Kapija,,,,2.07
Serbia,Dimyat,,,192.0584656,156.87
Serbia,Dinka,,,,0.01
Serbia,Dodrelyabi,,,,0.04
Serbia,Dornfelder,,,,0.07
Serbia,Early Muscat,,,,0.03
Serbia,Emerald Riesling,,,,0.09
Serbia,Erzsebet Kiralyne Emleke,,,,0.02
Serbia,Everest,,,,0.06
Serbia,Ezerfürtű,,,,0.05
Serbia,Ezerjó,,,,0.19
Serbia,Folle Blanche,,,,0.33
Serbia,Frajla,,,,0.17
Serbia,Furmint,,,,4.09
Serbia,Gamay Noir,,,54.25261054,43.24
Serbia,Gamay Teinturier Freaux,,,,45.45
Serbia,Garnacha Tinta,,,,0.18
Serbia,Gewürztraminer,,,141.5436736,68.98
Serbia,Godominka,,,,0.03
Serbia,Graševina,33119.5,33119.5,2037.182204,909.35
Serbia,Grocanka,,,,1.12
Serbia,Grüner Veltliner,,,,0.1
Serbia,Herbemont,,,,0.52
Serbia,Hárslevelű,,,,0.32
Serbia,Imperial Napoleon,,,,0.1
Serbia,Irsai Olivér,,,,0.29
Serbia,Italia,,,,54.56
Serbia,Jacquez,,,,0.04
Serbia,Jagodinka,,,,0.27
Serbia,Kadarka,,,15.28366573,11.603
Serbia,Kladovska Bela,,,,0.09
Serbia,Kodryanka,,,,6.73
Serbia,Kosmopolita,,,0.6819381892,0.35
Serbia,Kosovska Rana,,,,0.02
Serbia,Kossuth Lajos,,,,0.06
Serbia,Krajinski Bojadiser,,,,0.04
Serbia,Kreaca,,,,31.69
Serbia,Kujundžuša,,,,0.97
Serbia,Kunleány,,,,0.24
Serbia,Listán Prieto,,,,0.03
Serbia,Lival,,,,0.15
Serbia,Liza,,,,0.02
Serbia,Ljutun,,,,0.13
Serbia,Lyana,,,,0.12
Serbia,Malaga,,,,0.07
Serbia,Malvasia,,,,3.14
Serbia,Malvasia delle Lipari,,,,0.91
Serbia,Manzoni Moscato,,,,0.28
Serbia,Marselan,,,83.88593359,20.21
Serbia,Mediana,,,,1.14
Serbia,Merlot,,,1968.336691,578.35
Serbia,Michele Palieri,,,,32.76
Serbia,Moldova,,,,48.8
Serbia,Molinera,,,,0.1
Serbia,Montepulciano,,,,0.03
Serbia,Morava,,,34.11089132,17.61
Serbia,Moscatello Selvatico,,,,19.18
Serbia,Muscat,,,14.353128,23.66
Serbia,Muscat Blanc à Petits Grains,,,30.76704405,106.28
Serbia,Muscat Fleur d’Oranger,,,115.7913593,
Serbia,Muscat Madam Mathiasz,,,,0.003
Serbia,Muscat Ottonel,,,182.9948457,121.06
Serbia,Muscat of Alexandria,,,,0.12
Serbia,Muscat of Hamburg,2759.958,2759.958,624.0317505,352.85
Serbia,Muskat Yerevanyan,,,,0.02
Serbia,Mézes Fehér,,,,0.62
Serbia,Müller-Thurgau,,,,0.54
Serbia,Nebbiolo,,,,6.91
Serbia,Negotinski Rubin,,,,0.03
Serbia,Neoplanta,,,,8.47
Serbia,Olivette Noire,,,,1.97
Serbia,Opuzenska Rana,,,,0.002
Serbia,Ora,,,,0.15
Serbia,Orelo Belo,,,,0.51
Serbia,Palava,,,,1
Serbia,Pamid,,,66.5988947,54.15
Serbia,Panonia,,,2.029849459,3.28
Serbia,Petit Verdot,,,,3.82
Serbia,Petra,,,,1.43
Serbia,Pinot Blanc,,,,75.69
Serbia,Pinot Gris,,,111.5090413,71.81
Serbia,Pinot Noir,,,632.9407766,218.01
Serbia,Probus,,,,15.55
Serbia,Prokupac,15179.77,15179.77,915.9539505,277.3
Serbia,Radmilovački Muscat,,,,0.02
Serbia,Rebo,,,,0.89
Serbia,Red Globe,,,,0.03
Serbia,Regent,,,,2.7
Serbia,Ribol,,,,2.23
Serbia,Ribolla Gialla,,,,0.15
Serbia,Riesling,,,1360.957044,451.12
Serbia,Rkatsiteli,,,60.32252481,126.65
Serbia,Rubel Muscat,,,,11.55
Serbia,Sangiovese,,,,1.11
Serbia,Sauvignon Blanc,,,740.5640494,321.26
Serbia,Savagnin Blanc,,,,0.04
Serbia,Schiava Grossa,,,,48.79
Serbia,Seducha,,,,0.17
Serbia,Serbia,,,,1.96
Serbia,Silvaner,,,,0.03
Serbia,Sirmium,,,,0.24
Serbia,Slankamenka,,,,0.09
Serbia,Smederevka,,,,0.02
Serbia,Sremska Zelenika,,,,0.45
Serbia,Srpski Rubin,,,,0.03
Serbia,Strashenskii,,,,16.98
Serbia,Sublima Seedless,,,,0.42
Serbia,Sultaniye,,,,1.66
Serbia,Sweet Jubilee,,,,0.09
Serbia,Syrah,,,,34.32
Serbia,Sémillon,,,,8.36
Serbia,Tempranillo,,,,1.39
Serbia,Teroldego,,,,0.26
Serbia,Trebbiano Toscano,,,,0.29
Serbia,Tribidrag,,,,0.89
Serbia,Verona,,,,0.07
Serbia,Victoria,,,55.24224892,
Serbia,Viognier,,,,1.78
Serbia,Vranac,,,2.662206568,111.08
Serbia,Zalagyöngye,,,,1.69
Serbia,Začinak,,,,1.28
Serbia,Zweigelt,,,,0.56
Serbia,other,,,,285.83
Serbia,other red,3449.948,3449.948,4686.337706,3.06
Serbia,other white,11039.83,11039.83,3181.253786,4.09
Serbia,Žametovka,,,,9.09
Serbia,Žilavka,,,,2.79
Serbia,Župljanka,,,255.3803484,
Slovakia,André,,211.2,,
Slovakia,Aurelius,,25.52,,
Slovakia,Blauer Portugieser,,91.5,,93
Slovakia,Blaufränkisch,1090.629,1378.16,1216,1124
Slovakia,Bouvier,,5.59,,
Slovakia,Cabernet Sauvignon,155.8041,569.71,469,632
Slovakia,Chardonnay,623.2164,309.65,,407
Slovakia,Cserszegi Fűszeres,,,,3
Slovakia,Devin,,133.05,,
Slovakia,Dornfelder,,,,39
Slovakia,Dunaj,,45.91,,
Slovakia,Ezerjó,,,,1
Slovakia,Fetească Albă,311.6082,218.87,,179
Slovakia,Fetească Regală,311.6082,230.9,,154
Slovakia,Frühroter Veltliner,,194.99,,
Slovakia,Furmint,,248.35,,318
Slovakia,Gewürztraminer,,265.4,,445
Slovakia,Graševina,3895.103,1655.42,456,1479
Slovakia,Grüner Veltliner,2960.278,2090.65,1627,1823
Slovakia,Hárslevelű,,140.85,,
Slovakia,Irsai Olivér,,226.77,,285
Slovakia,Kerner,,,,2
Slovakia,Merlot,,,,36
Slovakia,Milia,,1.36,,
Slovakia,Muscat Blanc à Petits Grains,,47.76,,
Slovakia,Muscat Ottonel,,48.2,,49
Slovakia,Muskat Moravsky,,162.57,,
Slovakia,Müller-Thurgau,1869.649,931.57,509,779
Slovakia,Neronet,,39.02,,
Slovakia,Neuburger,,8.92,,17
Slovakia,Noria,,1.36,,
Slovakia,Odessky Cherny,,235.63,,
Slovakia,Palava,,31.52,,
Slovakia,Pinot Blanc,623.2164,522.56,416,535
Slovakia,Pinot Gris,,210.94,,461
Slovakia,Pinot Noir,,,,240
Slovakia,Riesling,,604.75,620,718
Slovakia,Sankt Laurent,934.8246,939.34,717,736
Slovakia,Sauvignon Blanc,,208.11,,344
Slovakia,Silvaner,155.8041,117.41,,
Slovakia,Sémillon,,,,2
Slovakia,Zweigelt,,115.74,,122
Slovakia,other red,467.4123,111.4391265,660.628764,639
Slovakia,other white,2181.258,256.0408735,1057.371236,
Slovenia,Barbera,,133.68,97.868,77.17627358
Slovenia,Blauer Portugieser,,,80.367,92.15481977
Slovenia,Blaufränkisch,,514.81,709.112,595.7068077
Slovenia,Cabernet Dorsa,,,,0.6499962819
Slovenia,Cabernet Franc,,,27.045,62.51652734
Slovenia,Cabernet Sauvignon,,452.54,423.436,421.3238286
Slovenia,Chardonnay,1549.138,1191.53,1181.476,1118.353023
Slovenia,Chasselas,,,,5.061578188
Slovenia,Chasselas (R),,,,0.9529879106
Slovenia,Dornfelder,,,,2.460834235
Slovenia,Drugo,,,,19.05068463
Slovenia,Fleurtai,,,,0.27375
Slovenia,Furmint,,630.65,545.766,402.0004804
Slovenia,Gamay Noir,,,4.428,13.33831446
Slovenia,Graševina,3567.712,2354.84,1934.618,1568.586323
Slovenia,Johanniter,,,,8.976131181
Slovenia,Kerner,,1.81,111.473,87.14751417
Slovenia,Klarnica,,,,3.463382098
Slovenia,Kraljevina,,178.88,198.858,162.0769697
Slovenia,Malvazija Istarska,,709.09,915.245,988.6254668
Slovenia,Marselan,,,,9.96270912
Slovenia,Merlot,1197.061,990.76,816.643,685.18336
Slovenia,Merlot Kanthus,,,,3.046307297
Slovenia,Monarch,,,,3.799743496
Slovenia,Muscaris,,,,14.40800278
Slovenia,Muscat Blanc à Petits Grains,,352.78,586.059,664.4189088
Slovenia,Muscat Ottonel,,,97.808,120.1193137
Slovenia,Müller-Thurgau,,,128.373,137.1856314
Slovenia,Neuburger,,,,0.4267575758
Slovenia,Pergolin,,,,1.299409787
Slovenia,Piccola Nera,,,,5.740180224
Slovenia,Picolit,,,,8.7047737
Slovenia,Pinella,,,61.452,73.02181138
Slovenia,Pinot Blanc,,457.82,424.475,397.8029276
Slovenia,Pinot Gris,,406.04,507.78,505.948544
Slovenia,Pinot Noir,,,202.246,241.6292738
Slovenia,Planinka,,,,0.2047155201
Slovenia,Plavaie,,60.37,,
Slovenia,Plavec Žuti,,,82.202,72.05125165
Slovenia,Prosecco,,,,3.720616506
Slovenia,Ranfol,,,,24.34200407
Slovenia,Refosco,,,1340.468,1234.015514
Slovenia,Regent,,,,0.6796755841
Slovenia,Ribolla Gialla,1126.646,738.09,597.215,598.955419
Slovenia,Riesling,,640.92,607.3,465.0799916
Slovenia,Sankt Laurent,,,5.535,6.015358319
Slovenia,Sauvignon Blanc,1220.533,1030.33,1121.432,1064.18537
Slovenia,Sauvignonasse,,190.37,231.14,243.8364818
Slovenia,Savagnin Blanc,,215.06,208.593,185.3818352
Slovenia,Scheurebe,,,,1.255232149
Slovenia,Schioppettino,,,,5.400937317
Slovenia,Silvaner,,,80.986,86.06444343
Slovenia,Solaris,,,,19.69736452
Slovenia,Soreli,,,,12.1107625
Slovenia,Souvignier Gris,,,,17.64159616
Slovenia,Syrah,,,18.4,31.51205641
Slovenia,Sémillon,,,,0.09373333333
Slovenia,Tannat,,,,3.96422391
Slovenia,Terrano,1267.477,1239.76,,
Slovenia,Verduzzo Trevigiano,,,,4.124672312
Slovenia,Viognier,,,,1.061035533
Slovenia,Vitovska Grganja,,,33.496,43.17534937
Slovenia,Vrtovka,,,,0.08658
Slovenia,Xynisteri,,,,6.687588046
Slovenia,Zelen,,,75.108,88.31157374
Slovenia,Zweigelt,,,4.752,41.66272282
Slovenia,other,,,,882.2597039
Slovenia,other red,3638.127,851.0515221,373.4730035,
Slovenia,other white,9905.095,2171.268478,1332.300083,
Slovenia,Žametovka,,841.69,821.809,675.5387063
South Africa,Agiorgitiko,,,2.49,
South Africa,Alicante Henri Bouschet,,,6.56,
South Africa,Alvarelhão,,,11.84,
South Africa,Barbera,,,35.02,
South Africa,Beogradska Crna,,,0.27,
South Africa,Bourboulenc,,,2.2,
South Africa,Bukettraube,,,54.36,
South Africa,Cabernet Franc,487.9600478,933.71005,835.39,796.33
South Africa,Cabernet Sauvignon,8824.20015,12325.0009,10589.25,9109.96
South Africa,Carmenère,,,8.14,
South Africa,Chambourcin,,,13.01,
South Africa,Chardonnay,5994.5625,8278.42034,6855.8,6557.11
South Africa,Chenel,,,32.96,
South Africa,Chenin Blanc,22411.7389,18515.4699,17706.86,16192.18
South Africa,Cinsaut,3533.109428,2051.960105,1766.6,1674
South Africa,Cinsaut (G),,,1.5,
South Africa,Cinsaut (W),,,0.2,
South Africa,Clairette,,,195.17,
South Africa,Colombard,11203.0264,11990.3705,11512.09,9143.54
South Africa,Colomino,,,2.1,
South Africa,Cornifesto,,,0.98,
South Africa,Crouchen,,,271.05,
South Africa,Côt,,,452.26,
South Africa,Durif,,,113.76,
South Africa,Emerald Riesling,,,46.86,
South Africa,Fernão Pires,,,72.98,
South Africa,Flora,,,8,
South Africa,Gamay Noir,,,8.5,
South Africa,Garnacha Blanca,,,110.01,
South Africa,Garnacha Roja (Gris),,,2.79,
South Africa,Garnacha Tinta,,,344.45,
South Africa,Gewürztraminer,,,106.04,
South Africa,Grachen,,,0.04,
South Africa,Graciano,,,8.36,
South Africa,Grand Noir,,,3.14,
South Africa,Grasă de Cotnari,,,12.5,
South Africa,Grüner Veltliner,,,3.65,
South Africa,Hárslevelű,,,14.43,
South Africa,Irsai Olivér,,,47.98,
South Africa,Kerner,,,0.81,
South Africa,Macabeo,,,4.13,
South Africa,Marsanne,,,21.47,
South Africa,Marselan,,,3.44,
South Africa,Mazuelo,,,114.17,
South Africa,Merlot,4837.19357,6496.7603,5557.73,5184.07
South Africa,Monastrell,,,473.35,
South Africa,Morio-Muskat,,,77.9,
South Africa,Muscat Blanc à Petits Grains,757.3146,689.160026,839.05,761.05
South Africa,Muscat Blanc à Petits Grains (R),,,404.27,
South Africa,Muscat Ottonel,,,9.36,
South Africa,Muscat of Alexandria,3925.59,2167.44,1780.94,1301.05
South Africa,Muscat of Alexandria (R),,,2.77,
South Africa,Nebbiolo,,,23.78,
South Africa,Nehelescol,,,6.08,
South Africa,Nero d'Avola,,,1.82,
South Africa,Nouvelle,,,428.14,
South Africa,Palomino Fino,,,133.9,
South Africa,Pedro Ximénez,,,2.08,
South Africa,Petit Verdot,,,749.25,
South Africa,Pinot Blanc,,,8.63,
South Africa,Pinot Gris,,,369.29,
South Africa,Pinot Meunier,,,14.38,
South Africa,Pinot Noir,461.279568,962.379993,1152.84,1211.8
South Africa,Pinotage,6433.0333,6239.86005,7051.97,6585.21
South Africa,Piquepoul Blanc,,,0.05,
South Africa,Riesling,,,151.89,
South Africa,Roobernet,,,268.93,
South Africa,Roussanne,,,75.52,
South Africa,Ruby Cabernet,1980.47839,2219.7199,2305.92,1825.86
South Africa,Sangiovese,,,69.8,
South Africa,Sauvignon Blanc,5393.13874,9550.57935,9246.06,10028.08
South Africa,Servant,,,13.07,
South Africa,Seyval Blanc,,,0.09,
South Africa,Silvaner,,,1.09,
South Africa,Sultaniye,,,,2935.31
South Africa,Symphony,,,0.02,
South Africa,Syrah,5578.35132,10135.60942,9945.94,8712.54
South Africa,Sémillon,995.289285,1182.400039,1121.3,917.12
South Africa,Tannat,,,114.28,
South Africa,Teinturier,,,0.65,
South Africa,Tempranillo,,,92.13,
South Africa,Therona,,,67.19,
South Africa,Tinta Barroca,,,190.35,
South Africa,Tinta Francisca,,,1.39,
South Africa,Touriga Franca,,,2.54,
South Africa,Touriga Nacional,,,105.23,
South Africa,Trebbiano Toscano,,,156.31,
South Africa,Tribidrag,,,24.33,
South Africa,Trincadeira,,,15.32,
South Africa,Trousseau,,,0.03,
South Africa,Verdelho,,,69.16,
South Africa,Vermentino,,,2.35,
South Africa,Vermentino Nero,,,0.2,
South Africa,Vidal,,,9.96,
South Africa,Villard Blanc,,,320.87,
South Africa,Villard Noir,,,14.43,
South Africa,Vinhao,,,43.87,
South Africa,Viognier,49.7672237,892.37004,821.9,639.23
South Africa,Weldra,,,1.99,
South Africa,other red,5103.096889,2891.321863,21.28252444,4577.78
South Africa,other white,5686.510971,3493.668037,8.75299286,2631.17
Spain,Afus Ali,0.02,8,,
Spain,Ahmeur Bou Ahmeur,3.21,1,,
Spain,Airén,387977.66,252364,203275.8214,190128
Spain,Alarije,1685.95,1726,4406.634521,3183
Spain,Albarín Blanco,,23,48.1327,196
Spain,Albillo Mayor,,1312,1145.23575,896
Spain,Albillo Real,3366.33,861,600.782,840
Spain,Alcañon,54.14,60,27.221973,11
Spain,Aledo,,7,2.2713,2.2713
Spain,Alfrocheiro,4.99,7,9.86536,90
Spain,Alicante Henri Bouschet,18320.8,19551,19293.72123,42321
Spain,Alphonse Lavallée,0.16,36,10.29521,10.29521
Spain,Alvarelhão,13.68,21,28.1217,49
Spain,Alvarinho,4148.89,3507,5392.788931,6533
Spain,Ancellotta,,,0.0414,0.0414
Spain,Aramont,0.95,,0.178,0.178
Spain,Baga,,,0.0414,0.0414
Spain,Barbera,,,0.0414,0.0414
Spain,Bastardo Branco,,,,2
Spain,Beba,4761.77,3036,2555.685631,7484
Spain,Blush Seedless,10.12,,,
Spain,Bobal,100128.27,80120,59188.72605,53452
Spain,Borraçal,619.1,523,349.5289,363
Spain,Bourboulenc,0.18,,,
Spain,Brocada,2.38,,,
Spain,Cabernet Franc,29.71,849,679.7190424,739
Spain,Cabernet Sauvignon,4518.79,23237,20139.41088,17587
Spain,Caladoc,,,,35
Spain,Calagrano,8229.4,4794,,
Spain,Callet,150.6,154,138.289626,224
Spain,Calmeria,,,0.3024,0.3024
Spain,Canorroyo,157.48,,,
Spain,Cardinal,0.53,16,13.760964,13.760964
Spain,Carmenère,,,0.0624,0.0624
Spain,Carrasquín,,,,19
Spain,Cartouche,31.18,,,
Spain,Castellana Blanca,,,1.118945,1.118945
Spain,Castelão,,,0.0414,0.0414
Spain,Castonotal,0.35,,,
Spain,Cayetana Blanca,55526.63,39633,36252.37324,33488
Spain,Caíño Blanco,69.32,121,72.1019,120
Spain,Caíño Longo,,,,8
Spain,Centennial Seedless,2.48,,1.225,1.225
Spain,Chardonnay,1814.41,6958,6866.215317,11867
Spain,Chasselas,1.03,20,24.263,24.263
Spain,Chelva,10876.97,6168,5029.354685,4361
Spain,Chenin Blanc,104.75,100,105.532154,105.532154
Spain,Cinsaut,3.07,,9.6742,9.6742
Spain,Cinsaut Seedless,9.02,13,,
Spain,Colombard,,4,5.958,108
Spain,Coloraillo,614.17,374,108.9334,70
Spain,Cornichon Blanc,3.87,,0.5094,0.5094
Spain,Côt,22.82,93,113.0966,213
Spain,Damaschino,448.59,239,162.60802,162.60802
Spain,Dawn Seedless,4.85,,,
Spain,De Cilindro,15.38,,0.0191,0.0191
Spain,Dominga,0.21,1,,
Spain,Dona Branca,,,,1793
Spain,Emerald seedless,15.66,,,
Spain,Ensanyo Tintas,,27,,
Spain,Ensayo Blancas,,1,,
Spain,Epero,,,,1
Spain,Escursac,,,,12
Spain,Espadeiro,203.68,232,120.1031,119
Spain,Estaladiña,,,,2
Spain,Fino de Ribera del Fresno,332.48,45,7.6896,7.6896
Spain,Flame Seedless,3.01,,,
Spain,Fogoneu,35.72,35,14.540992,15
Spain,Folle Blanche,43.23,75,20.406423,15
Spain,Forastera,444.52,152,,
Spain,Forcada,,,,47
Spain,Forcallat Tinta,2689.77,1163,535.4311,355
Spain,Galego Dourado,5.41,,,
Spain,Gamay Noir,1.38,,,
Spain,Garnacha Blanca,4333.01,2263,2060.589971,3437
Spain,Garnacha Peluda,1460.01,799,503.4783314,561
Spain,Garnacha Roja (Gris),122.13,77,86.79698185,126
Spain,Garnacha Tinta,98130.74,70202,54606.43895,59530
Spain,Garrido Fino,174.09,59,53.7032,65
Spain,Garro,,,,44
Spain,Gateta,6.95,2,,
Spain,Gewürztraminer,46.32,301,372.741042,494
Spain,Giro Nero,,,7.965876,102
Spain,Godello,560.1,604,821.6532098,1999
Spain,Gorgollasa,,,5.128101,21
Spain,Graciano,434.76,2281,2080.000915,2856
Spain,Grand Manchen,,8,,
Spain,Grand Noir,894.5,774,536.166,511
Spain,Graševina,1922.93,791,1064.2245,541
Spain,Gros Manseng,,,13.153553,18
Spain,Grossa,,,4.835443,4.835443
Spain,Gualarido,,,18.16282,18.16282
Spain,Hondarribi Beltza,10.87,53,14.676971,39
Spain,Hondarribi Zuri,,,624.3358503,739
Spain,Imperial Napoleon,,12,0.0399,0.0399
Spain,Italia,,8,3.7625,3.7625
Spain,Jeroma,,,0.0314,0.0314
Spain,Juan García,2076.54,1572,1409.4832,633
Spain,Lado,0.68,1,1.8782,5
Spain,Lairen,297.74,214,351.0096,303
Spain,Leopoldo III,1.75,,,
Spain,Listan Negro,3291.08,2666,2847.486033,2847.486033
Spain,Listán De Huelva,,,,1467
Spain,Listán Negro,,,,1427
Spain,Listán Prieto,10.78,6,,25
Spain,Loureiro,453.66,585,294.15646,323
Spain,Luisa Blanca,,,79.5484,79.5484
Spain,Macabeo,42901.83,38417,36962.96565,56764
Spain,Malvasia,,,1361.948543,1361.948543
Spain,Malvasia Fina,469.43,478,353.7778151,8
Spain,Malvasia Nera di Brindisi,347.54,33,16.48958,16.48958
Spain,Malvasia de Lanzarote,,,,982
Spain,Malvasia di Candia Aromatica,,,121.2031746,434
Spain,Malvasia di Lipari,21.31,112,,4
Spain,Mandon,260.88,,0.58676017,0.58676017
Spain,Manseng Noir,4.9,6,3.7439,6
Spain,Manteudo,,,,23
Spain,Manto Negro,470.23,273,310.940628,413
Spain,Marfal,34.53,2,1.1364,1.1364
Spain,Marmajuelo,37.23,24,20.001135,23
Spain,Marselan,,,0.58726949,163
Spain,Marufo,2827.27,2571,1316.32826,964
Spain,Maturana Blanca,,8,10.67925014,81
Spain,Mazuelo,8102.96,4749,5461.430132,5776
Spain,Mazuelo (W),58.4,2650,,24
Spain,Mencía,11166.13,8204,8488.944105,8391
Spain,Merlot,1186.11,15540,12851.78709,11745
Spain,Merseguera,7459.98,3946,2372.573275,1871
Spain,Michele Palieri,2.52,1,0.6885,0.6885
Spain,Miguel del Arco,1267.18,468,,
Spain,Molinara,333.67,122,3.837,38
Spain,Monastrell,67159.76,58406,41302.93201,34501
Spain,Moneu,,,,29
Spain,Monstruosa,2.24,1,,
Spain,Montepulciano,,,0.1038,0.1038
Spain,Moravia Agria,1092.2,550,221.6787,125
Spain,Morenillo,38.85,,,13
Spain,Moribel,,,,1
Spain,Morisca,,,,202
Spain,Moristel,,147,247.0797551,186
Spain,Muscat Blanc à Petits Grains,223.06,1291,1349.749858,2944
Spain,Muscat of Alexandria,6144.42,8237,9533.766843,9753
Spain,Muscat of Hamburg,6.45,2,125.094227,125.094227
Spain,Naparo,0.31,1,0.00318,0.00318
Spain,Nebbiolo,,,0.0414,0.0414
Spain,Negramoll,1642.46,1265,1148.714408,331
Spain,Nero d'Avola,,,0.0624,0.0624
Spain,Nigheddu Polchinu,,,,11
Spain,Noah,188.75,492,,
Spain,Ohanes,0.45,1,0.2547,0.2547
Spain,Palomino Fino,27684.8,18836,20110.43126,12598
Spain,Palot,3.63,,,
Spain,Panse Valenciano,648.93,1,,
Spain,Pardillo,7272,4364,3283.163325,1133
Spain,Parellada,11188.17,8847,7137.346638,9351
Spain,Parraleta,15.46,56,,60
Spain,Pedral,121.15,147,75.7189,72
Spain,Pedro Ximénez,14802.92,9036,8527.800729,6887
Spain,Perlette,,,0.968,0.968
Spain,Perlita,1.25,1,,
Spain,Perruno,2831,1509,744.5084,293
Spain,Petit Bouschet,,,106.580835,106.580835
Spain,Petit Courbu,,36,,117
Spain,Petit Manseng,,,3.260492,5
Spain,Petit Verdot,,1661,1804.033088,2165
Spain,Picapoll Blanco,34.17,37,40.04373736,74
Spain,Pinot Meunier,6.99,1,2.3,2.3
Spain,Pinot Noir,416.79,1044,968.6657068,1183
Spain,Piquepoul Noir,9.63,4,5.11032142,16
Spain,Pirene,,,,8
Spain,Planta Fina,,,,134
Spain,Planta Mula,1.18,24,10.69146,10.69146
Spain,Planta Nova,2029.13,1366,864.28618,736
Spain,Prensal,113.64,105,128.949377,263
Spain,Prieto Picudo,3256.1,4587,4293.07674,2825
Spain,Quebranta,,15,,
Spain,Querol,,,,2
Spain,Quiebratinajas Tinto,6.23,5,8.69048,8.69048
Spain,Rabigato Moreno,,,,5
Spain,Red Globe,5.52,,,
Spain,Riesling,97.25,161,184.2891666,314
Spain,Rojal Tinta,2845.37,1801,736.149982,335
Spain,Rome,1.58,297,172.143,119
Spain,Rosaki,,,2.083358,2.083358
Spain,Royal de Alloza,,29,5.57021,13
Spain,Ruby Cabernet,21.91,29,11.760292,46
Spain,Ruby Seedless,0.01,,,
Spain,Rufete,1059.07,650,713.51188,569
Spain,Rufete Serrano Blanco,,,,5
Spain,Sagrantino,,,0.0414,0.0414
Spain,Salvador,7.66,1,0.7289,0.7289
Spain,Sangiovese,,,2.441093,2.441093
Spain,Sauvignon Blanc,466.85,4011,4562.28824,8516
Spain,Selma Blanca,,,,1
Spain,Silvaner,0.22,,,
Spain,Sugrafive,117.86,2,0.0207,0.0207
Spain,Sultaniye,3.82,,,
Spain,Sumoll,1401.05,83,15.75940707,257
Spain,Syrah,86.46,20000,19488.37332,16385
Spain,Sémillon,,,2.002,18
Spain,Síria,1108.81,753,598.75049,3
Spain,Tannat,,,0.1038,0.1038
Spain,Tempranillo,79310.15,207677,193597.2794,199090
Spain,Tempranillo (W),,5,110.1532481,774
Spain,Tinta Castañal,,,3.17003,4
Spain,Tintilia del Molise,,,,8
Spain,Tinto De La Pámpana Blanca,,,,8837
Spain,Tinto Jeroma,1.47,,,4
Spain,Tinto Velasco,7998.48,7829,5369.10625,1122
Spain,Tinto de Zafra,4.08,2,,
Spain,Torrontés,,,,235
Spain,Tortosi,929.63,503,325.046878,193
Spain,Touriga Nacional,,,3.688835,16
Spain,Trajadura,628.03,998,942.3757422,1077
Spain,Trebbiano Toscano,27.9,45,48.7701177,48.7701177
Spain,Trepat,1763.36,1358,1198.76564,1430
Spain,Tribidrag,,,0.76587054,0.76587054
Spain,Trincadeira,,,0.1038,0.1038
Spain,Trobat,82.55,1,3.05555,3.05555
Spain,Trousseau,240.21,75,17.8892,403
Spain,Valenci Tinto,4.81,27,26.3688,26.3688
Spain,Verdejo,4452.5,16578,17922.55287,25309
Spain,Verdello,,,,4
Spain,Verdil,130.83,57,49.8452,63
Spain,Verdoncho,3091.56,2124,,1377
Spain,Vermentino,,,,19
Spain,Vidadillo,,,37.70388,32
Spain,Vijariego,509.54,285,368.67765,223
Spain,Vineti,0.39,,,
Spain,Vinhao,590.33,610,332.748851,368
Spain,Vinyater,,,,7
Spain,Viognier,1.49,78,212.5469949,664
Spain,Xarello,10298.62,8394,8533.995937,11229
Spain,Yaqui,22.36,2,1.017,1.017
Spain,Zalema,5968.53,4097,4014.7604,3329
Spain,other,,,,14947.3176
Spain,other grey,,,1427.54832,
Spain,other red,32215.0403,7199.654106,5991.762542,
Spain,other white,80678.5697,11872.34589,10198.29325,
Sweden,Solaris,,,,136
Sweden,other white,,,,57
Switzerland,Acolon,,,2.761499994,2.761499994
Switzerland,Alicante Henri Bouschet,,,0.1133999974,0.1133999974
Switzerland,Aligoté,20.15,22.85,24.12280077,23.01
Switzerland,Alphonse Lavallée,,,0.001500000013,0.001500000013
Switzerland,Altesse,0.36,,4.841200013,6.1824
Switzerland,Amigne,20.93,43.26,41.54009901,40.1862
Switzerland,Ancellotta,1.79,19.01,28.29229951,25.384
Switzerland,Arinarnoa,,,1.497400045,1.497400045
Switzerland,Arneis,,,0.09279999882,0.09279999882
Switzerland,Arvine,56.61,153.64,177.7343944,253.2837
Switzerland,Aurore,,,0.006000000052,0.006000000052
Switzerland,Auxerrois,0.71,,3.493599966,4.1197
Switzerland,BX 81-83,,,0.57099998,0.57099998
Switzerland,Bacchus,0.43,,1.474499983,1.474499983
Switzerland,Baco Noir,,,1.13990001,1.13990001
Switzerland,Barbera,,,0.4817000122,0.4817000122
Switzerland,Baron,,,0.1000000015,0.1000000015
Switzerland,Bianca,,,2.159399992,2.8635
Switzerland,Birstaler Muskat,,,1.021799996,1.021799996
Switzerland,Blattner Cal 1-15,,,0.08679999784,0.08679999784
Switzerland,Blattner Cal 1-20,,,0.4475000128,0.4475000128
Switzerland,Blattner Cal 1-22,,,0.3467999995,0.3467999995
Switzerland,Blattner Cal 1-28,,,1.687299967,8.5927
Switzerland,Blattner Cal 1-31,,,0.05539999902,0.05539999902
Switzerland,Blattner Cal 1-36,,,1.33130001,3.0489
Switzerland,Blaufränkisch,,3.43,3.666700013,4.3343
Switzerland,Bondola,16.72,12.72,10.88830036,8.6672
Switzerland,Bouvier,,,0.03999999911,0.03999999911
Switzerland,Bronner,,,0.5440999977,0.5440999977
Switzerland,Buffalo,,,0.02099999972,0.02099999972
Switzerland,Cabaret Noir,,,2.576699987,2.576699987
Switzerland,Cabernet Blanc,,,6.21249993,8.9722
Switzerland,Cabernet Cantor,,,1.405800072,1.405800072
Switzerland,Cabernet Carbon,,,0.891499998,0.891499998
Switzerland,Cabernet Carol,,,0.123300001,0.123300001
Switzerland,Cabernet Cortis,,,4.172199916,4.9389
Switzerland,Cabernet Cubin,,,3.42530008,2.991
Switzerland,Cabernet Dorio,,,0.2329999954,0.2329999954
Switzerland,Cabernet Dorsa,,21.76,27.83020025,27.8266
Switzerland,Cabernet Early,,,0.09139999747,0.09139999747
Switzerland,Cabernet Franc,15.59,53.56,63.03849955,89.62
Switzerland,Cabernet Jura,,19.19,27.34760001,39.3151
Switzerland,Cabernet Mitos,,,2.711900003,2.7511
Switzerland,Cabernet Sauvignon,34.48,62.65,66.25810047,69.7311
Switzerland,Cabernet Soyhières,,,0.9175000191,3.4411
Switzerland,Cabernet x Maréchal Foch,,,0.110100003,0.110100003
Switzerland,Cabertin,,,1.593499983,2.7515
Switzerland,Caladoc,,,0.1662999988,0.1662999988
Switzerland,Carbernet Volos,,,0.09189999849,0.09189999849
Switzerland,Carmenère,,,0.06930000335,0.06930000335
Switzerland,Carminoir,,10.16,11.2497001,11.5289
Switzerland,Catawba,,,0.360799998,0.360799998
Switzerland,Chambourcin,,2.66,2.425000094,3.6736
Switzerland,Chancellor,,,0.4912,0.4912
Switzerland,Chardonnay,226.27,321.19,358.7965956,407.62
Switzerland,Chardoris,,,0.1849000007,0.1849000007
Switzerland,Charmont,6.83,9.51,9.886399938,10.4604
Switzerland,Chasselas,5372.92,4013.38,3838.233301,3539.1332
Switzerland,Chasselas (R),,,0.005200000014,0.005200000014
Switzerland,Chenin Blanc,1.01,5.88,7.760599852,10.7922
Switzerland,Clinton,,,0.2585999928,0.2585999928
Switzerland,Completer,2.04,2.98,4.852099953,10.714
Switzerland,Cornalin,91.93,244.49,137.6439956,142.2886
Switzerland,Corvina Veronese,,,0.003199999919,0.003199999919
Switzerland,Côt,0.05,10.25,14.95219996,25.3701
Switzerland,DU 31120,,,0.09189999849,0.09189999849
Switzerland,Dakapo,,12.7,15.24489997,17.4474
Switzerland,De Chaunac,,,0.160500003,0.160500003
Switzerland,Deckrot,,,0.02499999944,0.02499999944
Switzerland,Diolinoir,24.82,111.97,119.8373015,129.5034
Switzerland,Divico,,,9.916500323,84.1675
Switzerland,Divona,,,0.1610000022,10.7326
Switzerland,Dolcetto,,,0.009899999946,0.009899999946
Switzerland,Domina,,,0.07999999821,0.07999999821
Switzerland,Doral,2.76,26.82,35.31970051,37.5421
Switzerland,Dornfelder,,21.21,21.62879975,17.3963
Switzerland,Dunkelfelder,,24.35,23.10079993,19.8699
Switzerland,Dunze,0.65,,,
Switzerland,Ederena,,,0.02019999921,0.02019999921
Switzerland,Egiodola,,,0.08640000224,0.08640000224
Switzerland,Elbling,0.1,,0.7307000011,0.7307000011
Switzerland,Esther,,,0.0008999999845,0.0008999999845
Switzerland,Excelsior,,,0.2787000062,0.2787000062
Switzerland,Eyholzer Rote,,,0.2138999999,0.2138999999
Switzerland,Fleurtai,,,0.07649999857,0.07649999857
Switzerland,Freisa,,,0.1137999967,0.1137999967
Switzerland,Freisamer,0.56,4.41,5.01930001,6.6511
Switzerland,Galotta,,13.16,34.58549941,62.1726
Switzerland,Gamaret,60.15,379.59,425.1920999,431.9057
Switzerland,Gamay Noir,1976.99,1520.64,1349.134985,1086.2185
Switzerland,Garanoir,49.82,202.7,224.7983993,228.2869
Switzerland,Garganega,,,0.01070000045,0.01070000045
Switzerland,Garnacha Tinta,,,1.035000015,1.035000015
Switzerland,Geilweilerhof Ga- 48- 12,,,1.049799979,1.049799979
Switzerland,Gewürztraminer,30.8,49.25,50.89179945,45.2679
Switzerland,Gouais Blanc,1.12,,0.7045999765,0.7045999765
Switzerland,Grüner Veltliner,,,0.9263000041,0.9263000041
Switzerland,Helios,,,0.2339999974,0.2339999974
Switzerland,Himbertscha,0.17,,0.2288999986,0.2288999986
Switzerland,Humagne,8.87,30.23,28.97109985,26.9086
Switzerland,IRAC 1933,,,0.03490000032,0.03490000032
Switzerland,Inzolia,,,0.001900000032,0.001900000032
Switzerland,Irsai Olivér,,4.76,6.895499855,6.5361
Switzerland,Isabella,,,1.39479998,4.9035
Switzerland,Johanniter,,11.01,18.64459995,39.2886
Switzerland,Kalina,,,0.3930000067,0.3930000067
Switzerland,Kerner,8.43,18.73,25.13740001,25.371
Switzerland,Lafnetscha,1.37,,1.543499947,1.543499947
Switzerland,Liliorila,,,0.08320000023,0.08320000023
Switzerland,Lilla,,,0.0003000000142,0.0003000000142
Switzerland,Léon Millot,,9.35,7.761299955,8.6534
Switzerland,MRAC 1087,,,0.1802999964,0.1802999964
Switzerland,MRAC 1099,,,0.2032999983,0.2032999983
Switzerland,MRAC 1626,,,0.01499999966,0.01499999966
Switzerland,MRAC 1817,,,0.1178999981,0.1178999981
Switzerland,MRAC 40,,,0.01499999966,0.01499999966
Switzerland,Magliasina,,,0.02479999978,0.02479999978
Switzerland,Mara,,,9.883199768,17.3697
Switzerland,Marsanne,33.01,47.77,47.61249918,40.2844
Switzerland,Marselan,,,1.684700012,4.1147
Switzerland,Marzemino,,,0.0008999999845,0.0008999999845
Switzerland,Maréchal Foch,,12.72,13.56410001,14.6848
Switzerland,Melon,,,0.0540000014,0.0540000014
Switzerland,Mencía,,,0.03929999843,0.03929999843
Switzerland,Merlot,848.36,1028.17,1124.367591,1235.4378
Switzerland,Merlot Khorus,,,0.1870000064,0.1870000064
Switzerland,Millot-Foch,,,2.490699999,2.490699999
Switzerland,Monarch,,,1.614300013,1.614300013
Switzerland,Monastrell,,,0.07069999725,0.07069999725
Switzerland,Mondeuse Blanche,,,3.183099926,3.2134
Switzerland,Mondeuse Noire,,3.61,1.6171,3.3301
Switzerland,Morio-Muskat,,,0.05999999866,0.05999999866
Switzerland,Moscato Giallo,,,0.0346999988,0.0346999988
Switzerland,Muscaris,,,4.217500091,23.2224
Switzerland,Muscat,,,6.857899759,6.857899759
Switzerland,Muscat Blanc à Petits Grains,43.96,49.19,35.60249956,41.756
Switzerland,Muscat Bleu,,,2.65150005,3.6483
Switzerland,Muscat Ottonel,,,5.318900183,5.8454
Switzerland,Muscat of Hamburg,,,0.07029999845,0.07029999845
Switzerland,Muscatin,,,0.1400000006,0.1400000006
Switzerland,Müller-Thurgau,686.02,492.94,465.1596043,424.0785
Switzerland,Nebbiolo,0.3,,1.700799982,2.795
Switzerland,Nero d'Avola,,,0.05000000075,0.05000000075
Switzerland,Noah,,,0.01009999961,0.01009999961
Switzerland,Nobling,0.15,,0.4691000115,0.4691000115
Switzerland,Olivette de Laconnex,,,0.005200000014,0.005200000014
Switzerland,Ontario,,,0.006000000052,0.006000000052
Switzerland,Ortega,,,0.150000006,0.150000006
Switzerland,Palomino Fino,,,0.07930000126,0.07930000126
Switzerland,Passerina,,,0.003000000026,0.003000000026
Switzerland,Persan,,,0.2433000058,0.2433000058
Switzerland,Petit Verdot,,,1.801699944,1.801699944
Switzerland,Phoenix,,,0.1296000034,0.1296000034
Switzerland,Pinorico,,,0.315200001,0.315200001
Switzerland,Pinot Blanc,77.38,105.1,111.2277983,112.4008
Switzerland,Pinot Gris,148.77,216.28,229.6853998,234.2394
Switzerland,Pinot Meunier,,,0.173299998,0.173299998
Switzerland,Pinot Noir,4601.2,4402.15,4208.514159,3764.0437
Switzerland,Pinot Noir Précoce,,,1.018000022,1.018000022
Switzerland,Pinotage,,,1.319200017,1.319200017
Switzerland,Pinotin,,,0.1641000062,0.1641000062
Switzerland,Piroso,,,0.2079999987,0.2079999987
Switzerland,Plantet,1.06,,0.2099999934,0.2099999934
Switzerland,Prior,,,1.201399982,5.9609
Switzerland,Rebo,,,0.200000003,0.200000003
Switzerland,Refosco,,,0.1299999952,0.1299999952
Switzerland,Regent,16.46,40.9,38.10530045,28.5321
Switzerland,Reichensteiner,,,0.2670000028,0.2670000028
Switzerland,Reze,0.7,,,
Switzerland,Riesling,8.02,12.34,19.28779987,34.093
Switzerland,Rondo,,,0.7836000323,0.7836000323
Switzerland,Roter Milan,,,0.1650000066,0.1650000066
Switzerland,Rouge de Fully,,,0.6457999945,0.6457999945
Switzerland,Rouge du Pays,,,135.6627037,161.4538
Switzerland,Roussanne,,,3.071,4.3102
Switzerland,Räuschling,23.27,22.86,23.15309967,27.2602
Switzerland,Réselle,,,1.087400019,1.087400019
Switzerland,Sangiovese,,,0.1269000005,0.1269000005
Switzerland,Sankt Laurent,,,2.483600028,2.483600028
Switzerland,Saphira,,,0.4870000035,0.4870000035
Switzerland,Satin Noir,,,0.04960000142,0.04960000142
Switzerland,Sauvignac,,,2.085400045,23.5272
Switzerland,Sauvignon Blanc,37.52,130.68,169.7159002,213.4697
Switzerland,Sauvignon Blanc (G),,5.46,7.495699942,10.8801
Switzerland,Sauvignonasse,,,0.2365999948,0.2365999948
Switzerland,Savagnin Blanc,16.87,85.7,126.8902012,225.5409
Switzerland,Scheurebe,,4.93,6.752299933,7.3211
Switzerland,Schiava Grossa,,,0.05750000104,0.05750000104
Switzerland,Scuppernong,,,0.1000000015,0.1000000015
Switzerland,Seibel,,,1.014999986,1.014999986
Switzerland,Seyval Blanc,1.96,7.49,8.055799993,10.9923
Switzerland,Siegerrebe,,,0.1190000027,0.1190000027
Switzerland,Silvaner,208.4,241.06,250.2308004,318.3852
Switzerland,Siramé,,,0.3351999968,0.3351999968
Switzerland,Solaris,,12.11,19.6146998,33.9625
Switzerland,Soreli,,,0.07649999857,0.07649999857
Switzerland,Souvignier Gris,,,2.991300024,34.5929
Switzerland,Syrah,54.18,181.02,193.561205,208.1992
Switzerland,Sémillon,3.34,4.56,4.004399985,3.0121
Switzerland,Tannat,,,0.07299999893,0.07299999893
Switzerland,Tedi's Best,,,0.07699999958,0.07699999958
Switzerland,Teinturier,,,0.01810000092,0.01810000092
Switzerland,Tempranillo,,,0.2393000051,0.2393000051
Switzerland,Tinta Barroca,,,0.03929999843,0.03929999843
Switzerland,Tinto Cão,,,0.03929999843,0.03929999843
Switzerland,Touriga Nacional,,,0.3093000054,0.3093000054
Switzerland,Tribidrag,,,0.5500000119,0.5500000119
Switzerland,Triomphe,,,0.140999997,0.140999997
Switzerland,Trousseau,,,0.2668000013,0.2668000013
Switzerland,UD 31103,,,0.09189999849,0.09189999849
Switzerland,VB 32-7,,,3.237500045,5.8075
Switzerland,VB 91-26-25,,,0.7602999732,0.7602999732
Switzerland,VB 91-26-26,,,0.3307000026,0.3307000026
Switzerland,VB 91-26-27,,,0.266699994,0.266699994
Switzerland,VB Cal 1-14,,,0.05260000005,0.05260000005
Switzerland,VB Cal 1-29,,,0.01080000028,0.01080000028
Switzerland,VB Cal 1-33,,,0.01080000028,0.01080000028
Switzerland,VB Cal 6-04 N5,,,0.3975000083,0.3975000083
Switzerland,VB Jura 25,,,0.04960000142,0.04960000142
Switzerland,Vidal,,,0.961499989,0.961499989
Switzerland,Viognier,,31.05,44.48039996,56.1647
Switzerland,Würzer,,,0.3289999962,0.3289999962
Switzerland,Zalagyöngye,,,0.01559999958,0.01559999958
Switzerland,Zweigelt,,15.23,18.81599969,20.6373
Switzerland,other,,,,100.7473
Switzerland,other red,118.69,134.9,84.45469999,
Switzerland,other white,76.45,57.88,13.31340004,
Taiwan,Black Queen,226.62416,226.62416,94,94
Taiwan,Golden Muscat,1189.77684,1189.77684,49.63,49.63000107
Taiwan,Italia,113.31208,113.31208,,
Taiwan,Kyoho (4N),1303.08892,1303.08892,,
Taiwan,Musann Blanc,,,5,5
Thailand,Black Queen,,16.99681,18.008527,18.00852776
Thailand,Cabernet Sauvignon,,6.920131,7.0010678,7.001067638
Thailand,Chenin Blanc,,13.19276,16.18744,16.18744087
Thailand,Colombard,,11.12887,14.568696,14.56869602
Thailand,Dornfelder,,1.861556,2.9137392,2.913739204
Thailand,Durif,,,0.5260918,0.526091814
Thailand,Garnacha Roja (Gris),,5.665604,5.1799808,5.179980755
Thailand,Malaga Blanc,,16.18744,54.025581,54.02558136
Thailand,Muscat,,,3.1970194,3.197019339
Thailand,Muscat Blanc à Petits Grains,,3.261769,,
Thailand,Pinot Noir,,0.522045,0.5260918,0.526091814
Thailand,Sangiovese,,2.104367,2.1448358,2.144835711
Thailand,Syrah,,66.16616,74.4217554,74.42175293
Thailand,Tempranillo,,4.245156,3.7635798,3.763579845
Thailand,Verdelho,,,1.0521836,1.052183628
Thailand,Viognier,,0.5665604,1.2545266,1.254526615
Thailand,other red,,,1.588663325,1.58866334
Thailand,other white,,,1.203670075,1.203670025
Tunisia,Airén,,,85,130.8999939
Tunisia,Alicante Henri Bouschet,841.7874,841.7874,177.65,273.5809937
Tunisia,Cabernet Sauvignon,336.7149,336.7149,116.79,179.8565979
Tunisia,Cardinal,,,120.7,185.878006
Tunisia,Chardonnay,,,170,261.7999878
Tunisia,Cinsaut,841.7874,841.7874,626.11,964.2094116
Tunisia,Clairette,,,21.93,33.77220154
Tunisia,Garnacha Tinta,2020.29,2020.29,151.98,234.0491943
Tunisia,Italia,,,644.3,992.2219849
Tunisia,Mazuelo,7576.086,7576.086,237.83,366.2582092
Tunisia,Merlot,,,64.43,99.22219849
Tunisia,Monastrell,336.7149,336.7149,,
Tunisia,Muscat of Alexandria,,,404.6,623.0839844
Tunisia,Sangiovese,841.7874,841.7874,,
Tunisia,Sauvignon Blanc,,,85,130.8999939
Tunisia,Sultaniye,,,139.4,214.6759949
Tunisia,Syrah,336.7149,336.7149,66.98,103.1492004
Tunisia,Tribidrag,336.7149,336.7149,,
Tunisia,other red,3367.149,3367.149,144.2148717,222.0908966
Tunisia,other white,,,143.0851283,220.3511047
Turkiye,Adakarası,,68.75,88.6325,88.63249969
Turkiye,Alicante Henri Bouschet,,487.5,531.795,531.7949829
Turkiye,Boğazkere,,1106.25,1436.352971,1436.352967
Turkiye,Cabernet Franc,,22.5,37.23716071,37.23716116
Turkiye,Cabernet Sauvignon,,390.625,476.278825,476.2788243
Turkiye,Chaouch Blanc,,2.5,,
Turkiye,Chardonnay,,141.875,176.6894643,176.6894652
Turkiye,Cinsaut,,500,429.7333333,429.7333374
Turkiye,Côt,,12.75,20.65022143,20.65022111
Turkiye,Dimrit,,862.5,704.4557143,704.4557266
Turkiye,Emir,,687.5,88.6325,88.63249969
Turkiye,Gamay Noir,,206.25,227.9121429,227.9121399
Turkiye,Garnacha Tinta,,32.5,33.08946667,33.08946609
Turkiye,Kalecik Karası,,860.625,704.4844911,704.4845104
Turkiye,Karalahna,,3.75,4.143857143,4.143857002
Turkiye,Karasakiz,,3.75,4.143857143,4.143857002
Turkiye,Mazuelo,,83.75,129.5646,129.5646057
Turkiye,Merlot,,355,414.6724357,414.6724322
Turkiye,Monastrell,,4.375,6.7683,6.768300056
Turkiye,Muscat Blanc à Petits Grains,,113.75,129.0120857,129.012085
Turkiye,Narince,,768.75,786.8263857,786.8264048
Turkiye,Papazkarası,,175,204.0052747,204.0052795
Turkiye,Petit Verdot,,10,19.338,19.33799934
Turkiye,Pinot Noir,,2.875,10.15245,10.15244967
Turkiye,Riesling,,2.5,3.223,3.22300005
Turkiye,Sangiovese,,8.75,18.30203571,18.30203629
Turkiye,Sauvignon Blanc,,145.625,152.7986382,152.7986352
Turkiye,Sultaniye,,1750,2461.2,2461.199951
Turkiye,Syrah,,1366.5,1439.32883,1439.328845
Turkiye,Sémillon,,546.875,528.7734375,528.7734375
Turkiye,Tempranillo,,8.75,6.446,6.445999861
Turkiye,Vasilaki,,3.75,4.143857143,4.143857002
Turkiye,Viognier,,16.25,14.88719048,14.88718987
Turkiye,Çalkarası,,625,805.75,805.75
Turkiye,Çavuş,,,2.762571429,2.762571335
Turkiye,Öküzgözü,,1478.75,1601.338071,1601.338122
Turkmenistan,Terbash,,,,9875
Turkmenistan,other,,,,9874
Ukraine,Aligoté,,9626.5,4813.5,2888.176508
Ukraine,Bastardo Magarachsky,,1330.4,,
Ukraine,Cabernet Sauvignon,,4868.5,4935,2961.078439
Ukraine,Chardonnay,,2984.6,1500,900.0238417
Ukraine,Ekim Kara,,26.6,,
Ukraine,Gewürztraminer,,961.1,500,300.0079472
Ukraine,Isabella,,2396.2,1200,720.0190734
Ukraine,Kokur Bely,,918.3,,
Ukraine,Merlot,,2819.9,1400,840.0222522
Ukraine,Muscat Blanc à Petits Grains,,673.9,337.5,202.5053644
Ukraine,Odessky Cherny,,2426.3,1250,750.0198681
Ukraine,Pervenets Magaracha,,642.8,,
Ukraine,Pinot Blanc,,338.2,170,102.0027021
Ukraine,Pinot Gris,,685.4,,
Ukraine,Pinot Noir,,767.1,385,231.0061194
Ukraine,Podarok Magaracha,,212,,
Ukraine,Riesling,,2702,1350,810.0214575
Ukraine,Rkatsiteli,,11552.4,5775,2745
Ukraine,Saperavi,,1514.1,,720
Ukraine,Sauvignon Blanc,,3123.2,1550,930.0246364
Ukraine,Sukholimansky Bely,,1477.4,,
Ukraine,Tilki Kuyrugu,,245.7,,
United Kingdom,Acolon,,4,,
United Kingdom,Albalonga,41,,,
United Kingdom,Auxerrois,58,9,,
United Kingdom,Bacchus,112,116,126.891,1331
United Kingdom,Blauburger,105,,,
United Kingdom,Cabernet Dorsa,43,,,
United Kingdom,Cabernet Franc,,1,,
United Kingdom,Cabernet Sauvignon,,1,,
United Kingdom,Chardonnay,68,235,531.471,1157
United Kingdom,Dalkauer,100,,,
United Kingdom,Dornfelder,,14,12.873,
United Kingdom,Dunkelfelder,,2,,
United Kingdom,Ehrenfelser,34,,,
United Kingdom,Faberrebe,,4,,
United Kingdom,Gamay Noir,,1,,
United Kingdom,Gewürztraminer,,1,,
United Kingdom,Gutenborner,,2,,
United Kingdom,Huxelrebe,,17,3.678,
United Kingdom,Kerner,,11,,
United Kingdom,Léon Millot,,3,,
United Kingdom,Madeleine Sylvaner,,1,,
United Kingdom,Madeleine × Angevine 7672,,45,38.619,
United Kingdom,Merlot,,2,,
United Kingdom,Müller-Thurgau,,43,14.712,
United Kingdom,Optima,,1,,
United Kingdom,Orion,,10,,
United Kingdom,Ortega,,18,23.907,
United Kingdom,Perle,,1,,
United Kingdom,Phoenix,,21,,
United Kingdom,Pinot Blanc,,23,14.712,
United Kingdom,Pinot Gris,,9,44.136,379
United Kingdom,Pinot Meunier,,50,202.29,324
United Kingdom,Pinot Noir,,233,546.183,127
United Kingdom,Pinot Noir Précoce,,19,,110
United Kingdom,Regent,,19,25.746,
United Kingdom,Regner,,4,,
United Kingdom,Reichensteiner,,71,42.297,73
United Kingdom,Riesling,,1,,
United Kingdom,Rondo,,40,36.78,69
United Kingdom,Sauvignon Blanc,,3,,
United Kingdom,Scheurebe,,2,,
United Kingdom,Schönburger,,37,9.195,
United Kingdom,Seyval Blanc,85,85,77.238,67
United Kingdom,Siegerrebe,,12,,
United Kingdom,Solaris,,7,,66
United Kingdom,Triomphe,,15,,
United Kingdom,Würzer,,4,,
United Kingdom,Zweigelt,,1,,
United Kingdom,other,,,,506
United Kingdom,other red,52.00619195,,43.08967241,
United Kingdom,other white,174.993808,,45.18232759,
United States,Affenthaler,,,,0.4047
United States,Aglianico,,,31.4441022,13.67886
United States,Albillo Mayor,,,,0.2
United States,Alicante Henri Bouschet,562.513604,430.585882,380.40484,11.3316
United States,Aligoté,,,,0.4047
United States,Alvarinho,,22.318434,125.9382832,115.78467
United States,Amur,,,,0.8094
United States,Arandell,,,,41.2794
United States,Aravelle,,,,3.2376
United States,Aromella,,,2.832802,5.2611
United States,Arvine,,,,0.4047
United States,Aurore,298.658304,267.6188518,255.106318,569.8176
United States,Auxerrois,,,,3.2376
United States,Baco Blanc,,,,2.0235
United States,Baco Noir,111.693304,94.615587,25.16329406,31.5666
United States,Barbera,4693.143272,2797.999298,2130.57175,1845.368237
United States,Bianca,,,,0.4047
United States,Blanc du Bois,,28.32802,81.341886,84.46089
United States,Blaufränkisch,44.51546,21.893517,3.393231303,46.1358
United States,Bluebell,,,,40.47
United States,Brianna,,12.302738,20.76816209,5.8658
United States,Buffalo,,,,0.4047
United States,Băbească Neagră,,,,0.2
United States,Cabernet Diane,,0.404686,0.4189173937,
United States,Cabernet Dore,,1.214058,1.256752181,
United States,Cabernet Franc,1188.56285,2214.971966,2199.353852,986.6586
United States,Cabernet Sauvignon,17573.08542,34788.26491,40836.52929,46496.31924
United States,Caco,,,,0.2
United States,Canadice,,0.2428116,0.2513504362,43.7076
United States,Captivator,,,,0.2
United States,Carmenère,,22.257728,23.876474,0.4047
United States,Carmine,9.712464,,,
United States,Carnelian,624.8352,316.464444,123.42923,
United States,Catarratto Bianco,,68.391934,50.181064,
United States,Catawba,635.35708,633.49545,625.4362748,166.3317
United States,Cayuga White,107.64648,211.8126552,214.425913,115.9442
United States,Centurian,134.35576,33.993622,33.184252,
United States,Chambourcin,28.328014,311.110452,315.1006324,53.37993
United States,Champanel,,,1.3354638,4.16841
United States,Chancellor,26.709272,46.619831,33.78493652,32.1713
United States,Chardonel,,143.987288,90.37400422,9.1034
United States,Chardonnay,35790.83463,40846.44071,41392.19886,40190.22105
United States,Chelois,,0.9307778,0.9635100056,1.2141
United States,Chenin Blanc,8433.252118,3220.895944,1968.75361,1546.872444
United States,Cinsaut,32.779564,44.515456,44.920146,21.4491
United States,Colobel,,0.2428116,0.2513504362,4.4517
United States,Colombard,18009.7418,10025.28663,7991.334442,6500.066364
United States,Concord,8330.0565,8421.191971,8348.750154,4921.92093
United States,Corot Noir,,26.58787,11.14240002,45.5264
United States,Counoise,,,21.448358,
United States,Crimson Cabernet,,1.214058,1.256752181,3.2376
United States,Côt,96.719958,717.103634,1609.556686,2077.27146
United States,De Chaunac,66.773192,52.204494,49.09669363,35.6136
United States,Delaware,97.93401,75.43347,66.28792987,23.8773
United States,Diamond Muscat,,,,42.4935
United States,Diana,,,,0.4047
United States,Dolcetto,35.20768,42.49203,55.846668,14.3645
United States,Dornfelder,,0.6474976,29.40297383,1.2141
United States,Douce Noire,21.043668,33.588942,31.160822,
United States,Durif,923.493374,2865.176834,3698.091825,4626.978902
United States,Edelweiss,,31.509713,15.93971312,0.2
United States,Einset Seedless,,,,1.6188
United States,Elbling,,,395.782908,
United States,Elvira,274.781826,255.356866,231.075706,117.363
United States,Emerald Riesling,252.52402,60.29822,20.638986,
United States,Espirit,,,1.822636584,2.4282
United States,Everest,,,,0.2
United States,Fetească Neagră,,,,0.2
United States,Fredonia,12.94995,36.907364,28.46252291,11.3316
United States,Freisa,20.638984,,,
United States,Frontenac,,135.396976,148.4758001,21.8538
United States,Frontenac (G),,58.98737,66.1731352,15.1739
United States,Frontenac (W),,,0.04926044821,5.8658
United States,Furmint,,,,0.2
United States,GR 7,,31.970194,13.29355332,25.6961
United States,Gamay Noir,684.32409,,122.619858,84.7823
United States,Garnacha Blanca,,61.107588,106.432418,0.4047
United States,Garnacha Tinta,4519.128726,2666.071366,2212.545103,1960.91036
United States,Geisenheim 318- 57,,,,0.8094
United States,Gewürztraminer,727.625458,1143.502757,896.8188475,288.9558
United States,Golden Muscat,,0.8498406,0.4189173937,
United States,Graciano,,,,2.75196
United States,Grignolino,25.09053,,,
United States,Grüner Veltliner,,,60.298214,23.4726
United States,Hasansky Sladky,,,0.0858487384,
United States,Himrod,,0.4856232,0.5027008725,6.0705
United States,Iona,,,,0.8094
United States,Isabella,15.78275,,,7.2846
United States,Itasca,,,,12.141
United States,Ives,22.662414,15.782754,,10.1175
United States,Jacquez,,36.42174,87.816862,74.4648
United States,Jupiter,,,,1.4141
United States,Kay Gray,,1.250766,1.294751073,
United States,La Crescent,,77.436391,89.28031948,22.6585
United States,La Crosse,,25.104569,25.92153255,0.4
United States,Lagrein,,63.5357,,
United States,Lakemont Seedless,,,,1.2141
United States,Lambrusco,41.68266,37.6358,,
United States,Landot Noir,,2.428116,2.513504362,0.2
United States,Largrein,,,,0.8094
United States,Listán Prieto,339.936252,265.474008,199.914884,
United States,Lomanto,,,3.2779566,5.82768
United States,Louise Swenson,,2.931073,3.255820621,1.2141
United States,Léon Millot,12.14058,8.012783,4.363383171,14.9739
United States,Malvasia,,,,0.4047
United States,Malvasia Bianca di Candia,968.009,,486.027886,9.83421
United States,Malvasia Moscata,,554.419804,,
United States,Marquette,,87.610702,122.2074835,66.3708
United States,Marquis,,,1.214058,1.6188
United States,Mars,,1.9829614,1.675669575,1.2141
United States,Marsanne,15.378068,37.635798,52.204494,5.6658
United States,Maréchal Foch,63.5357,172.485672,110.1961032,54.6345
United States,Mazuelo,3087.753814,1440.682202,1086.177224,11.3316
United States,Melody,,,,5.0564
United States,Merlot,16874.59595,22729.22951,21250.83569,18002.61354
United States,Monastrell,187.369616,403.876624,514.8961804,99.9609
United States,Monbadon,656.40067,497.76376,,
United States,Montepulciano,,29.137392,58.274784,30.19062
United States,Montonico Bianco,9.712464,,,
United States,Moore's Diamond,19.020246,42.087344,23.94763097,
United States,Moscato Giallo,,,61.107586,
United States,Muscat Blanc à Petits Grains,515.16526,732.88637,1218.267544,49.17105
United States,Muscat Fleur d’Oranger,36.42174,91.054348,151.75725,13.3551
United States,Muscat Ottonel,,,,9.3081
United States,Muscat Swenson,,0.404686,0.4189173937,
United States,Muscat of Alexandria,2012.908048,1284.878044,1987.00826,1678.232804
United States,Muscat of Hamburg,16.996812,91.863724,113.31208,
United States,Muscato Gialio,,,,0.52611
United States,Müller-Thurgau,,,39.09812818,
United States,Nebbiolo,71.224738,68.391934,62.72633,8.9034
United States,Negroamaro,,,,1.90209
United States,Niagara,1356.5075,1209.525519,1196.305159,342.3762
United States,Noiret,,33.103315,24.95784757,18.0068
United States,Norton,,227.271642,250.4749344,
United States,Oberlin,,,,0.4047
United States,Palomino Fino,319.297276,134.760442,70.010678,
United States,Petit Manseng,,19.84175,31.565508,
United States,Petit Verdot,96.315274,852.823202,1218.920971,1432.752226
United States,Petite Amie,,,0.04926044821,
United States,Petite Pearl,,,1.557452954,14.7692
United States,Pinot Blanc,431.395318,269.116186,262.8456735,145.93482
United States,Pinot Gris,825.559474,5231.23846,7462.416032,9466.647008
United States,Pinot Meunier,80.12782,65.559132,76.485654,17.4021
United States,Pinot Noir,5343.068908,16776.42086,22997.68871,29215.77559
United States,Pinotage,,8.903092,20.2343,0.4047
United States,Piquepoul Blanc,,,,1.6188
United States,Prairie Star,,21.059946,20.4142906,0.2
United States,Red Muscadine,,,,16.188
United States,Regent,,,2.428116,3.6423
United States,Reliance,,3.5612368,3.35133915,0.4047
United States,Riesling,1965.155192,4852.298986,4951.942722,4348.581647
United States,Rkatsiteli,,,,6.8799
United States,Rougeon,36.421746,42.49203,21.448358,31.1619
United States,Roussanne,20.638986,140.021356,156.3329886,30.47391
United States,Royalty,338.317532,97.124644,93.07778,
United States,Rubired,4152.887216,4555.550412,4825.475864,3897.126283
United States,Ruby Cabernet,2894.718968,2430.544266,2114.039195,1422.147907
United States,Sabrevois,,9.89765,12.8855645,0.4
United States,Sagrantino,,,4.451546,10.9269
United States,Salvador,320.106674,42.896722,,
United States,Sangiovese,682.300598,852.187795,827.1271955,82.03034
United States,Saperavi,,,,11.7363
United States,Sauvignon Blanc,4191.332854,6584.354682,6747.434903,7619.464886
United States,Sauvignonasse,46.943574,47.348262,43.706088,5.6658
United States,Scheurebe,,,,0.4047
United States,Scuppernong,,,27.113962,4.8564
United States,Seyval Blanc,166.32595,258.837164,206.5227698,91.0575
United States,Sheridan,,,,0.8094
United States,Siegerrebe,,,,0.8094
United States,Somerset Seedless,,,,1.4141
United States,Sovereign Coronation,,,,0.2
United States,St Croix,,24.837808,27.08177672,9.5081
United States,St Pepin,,19.471949,24.14859703,0.4
United States,St Vincent,,22.945697,20.26498837,
United States,Steuben,,38.809385,34.66169437,5.2611
United States,Swenson Red,,11.269488,9.571209579,
United States,Symphony,184.132172,324.15349,646.688228,562.5135283
United States,Syrah,1508.6694,9197.108947,9082.54382,8731.487107
United States,Sémillon,708.605148,435.846838,339.9030837,6.1658
United States,Tannat,,75.259455,247.263146,51.88254
United States,Tempranillo,200.724262,413.993778,625.6732363,313.56156
United States,Teroldego,,32.37488,35.612368,4.047
United States,Thomcord,,,,1.2141
United States,Touriga Nacional,,84.984312,116.954254,16.9974
United States,Traminette,4.856232,239.8493,238.8824773,60.5003
United States,Trebbiano Toscano,151.35257,79.723148,88.3429538,15.90471
United States,Tribidrag,18630.12352,19857.1314,18550.63926,15353.9098
United States,Triplett Blanc,,244.02562,411.565662,
United States,Trousseau,27.518648,,,
United States,Turán,,,,0.2
United States,Valdiguié,,133.951074,,
United States,Valiant,,10.8481116,10.97825137,2.0235
United States,Valvin Muscat,,6.07029,,25.4961
United States,Van Buren,,,,0.4047
United States,Vanessa,,,,1.4141
United States,Ventura,38.84986,24.28116,10.11715,8.9034
United States,Verdelho,,26.304588,45.324832,
United States,Vermentino,,,16.592126,10.23891
United States,Vidal,96.71995,359.506862,366.1175087,96.3186
United States,Vignoles,68.39194,254.264219,240.8729151,67.3802
United States,Vincent,,11.331208,8.09372,10.5222
United States,Vinhao,14.973382,21.043672,35.612368,
United States,Viognier,314.441036,1374.216575,1480.597751,397.57728
United States,Vênus,,,,0.2
United States,Zweigelt,,,,6.0705
United States,other,,,,1666.1499
United States,other red,742.5888392,4816.28057,4941.009732,9214.724809
United States,other white,390.1272848,2914.309907,3298.351386,7080.80323
Uruguay,Afus Ali,,,,1.1
Uruguay,Alicante Henri Bouschet,,22,24,21.8
Uruguay,Alphonse Lavallée,,,,4.9
Uruguay,Alvarinho,,,,116.5
Uruguay,Ancellotta,,,,2.3
Uruguay,Arinarnoa,,28,45,91.3
Uruguay,Arriloba,,4,6,7.3
Uruguay,Aspiran Bouschet,,,,34.3
Uruguay,Aubun,,,,0.3
Uruguay,Barbera,,,,1.5
Uruguay,Cabernet Franc,364.121,334,266,212.3
Uruguay,Cabernet Sauvignon,674.956,682,484,335
Uruguay,Caladoc,,,,16.1
Uruguay,Canari Noir,,13,4,1.6
Uruguay,Cardinal,,,,38.7
Uruguay,Carmenère,,,,4.3
Uruguay,Chardonnay,142.096,149,119,111.2
Uruguay,Chenin Blanc,,7,2,1.7
Uruguay,Cinsaut,,,,1.6
Uruguay,Colombard,,4,,
Uruguay,Concord,,22,24,42.8
Uruguay,Côt,,41,43,34.7
Uruguay,Danlas,,,,2.5
Uruguay,Douce Noire,,,,0.1
Uruguay,Egiodola,,3,2,2.9
Uruguay,Ekigaina,,,,1.2
Uruguay,Folle Blanche,,,,1.3
Uruguay,Gamaret,,,,13.2
Uruguay,Gamay Noir,,9,1,
Uruguay,Garnacha Tinta,,5,4,1.3
Uruguay,Gewürztraminer,,24,17,11.1
Uruguay,Graševina,,,,0.1
Uruguay,Gros Manseng,,,,0.2
Uruguay,Isabella,,256,102,49.2
Uruguay,Italia,,,,16.9
Uruguay,Jacquere,,,,0.1
Uruguay,Jurançon Noir,,,,0.1
Uruguay,Malvasia Fina,,8,6,7.8
Uruguay,Marsanne,,2,1,2
Uruguay,Marselan,,91,120,199
Uruguay,Mazuelo,,,,0.1
Uruguay,Mencía,,,,2.4
Uruguay,Merlot,1056.839,875,747,615.3
Uruguay,Monastrell,,1,,1.1
Uruguay,Moscato Giallo,,,,5.1
Uruguay,Muscat Blanc à Petits Grains,,10,10,9.1
Uruguay,Muscat Ottonel,,7,2,1.3
Uruguay,Muscat of Alexandria,,,22,51.4
Uruguay,Muscat of Hamburg,2886.325,1500,1267,1131.5
Uruguay,Nebbiolo,,26,25,4.6
Uruguay,Nero d'Avola,,,,1.5
Uruguay,Ora,,,,0.3
Uruguay,Pedro Ximénez,,1,,
Uruguay,Petit Manseng,,,,6.8
Uruguay,Petit Verdot,,32,26,31.9
Uruguay,Pinot Blanc,,9,2,2.9
Uruguay,Pinot Gris,,12,9,11.1
Uruguay,Pinot Noir,,55,56,60.9
Uruguay,Prima,,,,14.1
Uruguay,Red Globe,,,,8.1
Uruguay,Ribol,,,,35.3
Uruguay,Riesling,,15,12,4.3
Uruguay,Roussanne,,3,2,3
Uruguay,Rubi,,,,3.5
Uruguay,Ruby Cabernet,,2,2,2.6
Uruguay,Sangiovese,,,,2.3
Uruguay,Sauvignon Blanc,142.096,147,144,141
Uruguay,Sauvignon Blanc (G),,8,10,9.7
Uruguay,Silvaner,,,,0.02
Uruguay,Syrah,62.167,87,67,53.2
Uruguay,Sémillon,,24,14,7.3
Uruguay,Tannat,2433.394,1815,1725,1566.8
Uruguay,Tempranillo,,,,16.1
Uruguay,Touriga Nacional,,,,3.3
Uruguay,Trebbiano Romagnolo,,,,10.6
Uruguay,Trebbiano Toscano,,762,682,605.5
Uruguay,Tribidrag,,,,1.1
Uruguay,Verdejo,,,,4.4
Uruguay,Vermentino,,,,3.1
Uruguay,Viognier,,45,41,47.5
Uruguay,other,,,,0.1
Uruguay,other red,1077.066362,253,442.2564387,22.6
Uruguay,other white,40.93363844,264,166.1071976,12.4
